id,name,date,month,sex,party,topcategory,link
cf,campaign fundraising,,,,,1,
ef,election fraud,,,,,1,
suc,surrogate campaigning,,,,,1,
af,America First,,,,,1,
endor,endorsement,,,,,1,
eco,economy,,,,,1,
dam,downsyndrrom awareness month,,,,,2,
fy,Fentanyl,,,,,2,
ty,Tylenol,,,,,2,
me,medication,,,,,2,
heca,healthcare,,,,,2,
if,inflation,,,,,3,
iv,investments,,,,,3,
sc,spending cuts,,,,,3,
cor,corruption,,,,,8,
doge,DOGE,,,,,3,
js,justice system,,,,,4,
par,pardon,,,,,4,
le,law enforcement,,,,,4,
sec,second amendment,,,,,4,
fos,freedom of speech,,,,,4,
lp,legal proceedings,,,,,4,
emerg,emergency management,,,,,4,
sch,school system,,,,,5,
uni,universities,,,,,5,
ta,taxes,,,,,6,
caaa,corporate and administrative announcements,,,,,6,
ng,national guards,,,,,7,
nwt,nuclear weapons testing,,,,,7,
ma,Marine,,,,,7,
nas,national security,,,,,7,
usdod,Department of Defense,,,,,7,
mu,murderer,,,,,8,
cr,criminals,,,,,8,
pa,personal attacks,,,,,9,
fk,fake news,,,,,10,
mc,media criticism,,,,,10,
u,Univision,,,,,10,
p,press,,,,,10,
tva,TV appearances,,,,,10,
t,tariffs,,,,,11,
ttb,TikTok Ban,,,,,11,
eu,European Union,,,,,11,
afd,Alternative für Deutschland,,,,,11,
ham,Hamas,,,,,11,
pair,political alliances and international relations,,,,,11,
pm,political meetings,,,,,11,
ic,international comparison,,,,,11,
un,United Nations,,,,,11,
bbb,Big Beautiful Bill,,,,,12,
o,opposition,,,,,12,
ack,assassination attempt on Charlie Kirk,,,,,12,
ice,ICE,,,,,12,
aogo,appointment of government officials,,,,,12,
rus,Russia,,,,,13,
ukr,Ukraine,,,,,13,
gaz,Gaza Stripe,,,,,13,
tha,Thailand,,,,,13,
kam,Kambodscha,,,,,13,
grl,Greenland,,,,,13,
irn,Iran,,,,,13,
cap,capitol riot ,,,,,13,
b,Blutbad (Bloodbath in Bezug auf Russland/Ukraine),,,,,13,
g,Golf,,,,,14,
ba,Basketball,,,,,14,
fball,football,,,,,14,
icehock,icehockey,,,,,14,
wt,wind turbines,,,,,15,
cc,climate change,,,,,15,
ep,energy policy,,,,,15,
rb,religious beliefs,,,,,16,
jew,jews,,,,,16,
w,wife,,,,,18,
c,children,,,,,18,
dil,daughter in law,,,,,18,
npp,nobel peace price,,,,,19,
fpp,FIFA Peace Prize,,,,,19,
aa,academy awards,,,,,19,
boo,book,,,,,19,
cel,celebrites,,,,,19,
p1,post1,31_01_26,jan26,,,,https://truthsocial.com/@realDonaldTrump/posts/115991701359412321
kn,Kristi Noem,,,1,2,,
dohs,Department of Homeland Security,,,,,,
lg,Local Governments,,,,,,
lopo,Local Police,,,,,,
pr,Protestors,,,,,,
rio,Rioters,,,,,,
ins,Insurrectionists,,,,,,
usm,US Military,,,,,,
p2,post2,31_01_26,jan26,,,,https://truthsocial.com/@realDonaldTrump/posts/115991359481785479
lw,Leigh Wambsganss,,,1,2,,
vit,Voters in Texas’ 9th State Senate District,,,,,,
dp,Dan Patrick,,,,,,
d,democrats,,,,1,,
r,republicans,,,,2,,
p3,post3,31_01_26,jan26,,,,https://truthsocial.com/@realDonaldTrump/posts/115989916560112535
biadm,Biden Administration,,,,,,
io,Ilhan Omar,,,1,1,,
pos,People of Somalia,,,,,,
gom,government of minnesota,,,,,,
p4,post4,31_01_26,jan26,,,,https://truthsocial.com/@realDonaldTrump/posts/115987481835523508
th,Tom Homan,,,2,2,,
p5,post5,31_01_26,jan26,,,,https://truthsocial.com/@realDonaldTrump/posts/115987465493616768
rll,Radical Left Lunatics,,,1,2,,
p6,post6,31_01_26,jan26,,,,https://truthsocial.com/@realDonaldTrump/posts/115987233609226463
mt,melania trump,,,1,2,,
meli,MELANIA,,,,,,
p7,post7,31_01_26,jan26,,,,https://truthsocial.com/@realDonaldTrump/posts/115987100169435643
p8,post8,31_01_26,jan26,,,,https://truthsocial.com/@realDonaldTrump/posts/115986962139100209
bls,Bureau of Labor Statistics,,,,,,
bm,Brett Matsumoto,,,2,3,,
tcoea,Trump Council of Economic Advisers,,,,,,
ab,American Businesses,,,,,,
pol,Policymakers,,,,,,
p9,post9,30_01_26,jan26,,,,https://truthsocial.com/@realDonaldTrump/posts/115984113252953391
cw,Christopher Waller,,,2,3,,
rr,Rick Rieder,,,2,3,,
p10,post10,30_01_26,jan26,,,,https://truthsocial.com/@realDonaldTrump/posts/115984101924920653
kh,Kevin Hassett,,,2,2,,
wh,White House,,,,,,
p11,post12,30_01_26,jan26,,,,https://truthsocial.com/@realDonaldTrump/posts/115983891481988557
kw,Kevin Warsh,,,2,2,,
frs,Federal Reserve System,,,,,,
hoi,Hoover Institution,,,,,,
sgsob,Stanford Graduate School of Business,,,,,,
su,Stanford University,,,,,,
hls,Harvard Law School,,,,,,
dfollc,Duquesne Family Office LLC,,,,,,
boe,Bank of England,,,,,,
potuk,Parliament of the United Kingdom,,,,,,
got,Group of Twenty,,,,,,
whnec,White House National Economic Council,,,,,,
msco,Morgan Stanley & Co,,,,,,
p12,post13,30_01_26,jan26,,,,https://truthsocial.com/@realDonaldTrump/posts/115982747344520072
tx,Texas,,,,,,
p13,post14,30_01_26,jan26,,,,https://truthsocial.com/@realDonaldTrump/posts/115982625271651077
iceoff,ICE Offficer,,,,,,
alpr,Alex Pretti,,,2,3,,
p14,post15,30_01_26,jan26,,,,https://truthsocial.com/@realDonaldTrump/posts/115980983698005555
can,Canada,,,,,,
gulf,Gulfstream,,,,,,
boglex,Bombardier Global Expresses,,,,,,
usa,United States of America,,,,,,
p15,post16,30_01_26,jan26,,,,https://truthsocial.com/@realDonaldTrump/posts/115980912926614287
cong,Congress,,,,,,
cogu,Coast Guard,,,,,,
p16,post16,29_01_26,jan26,,,,https://truthsocial.com/@realDonaldTrump/posts/115979311914390909
cs,Claudia Sheinbaum,,,1,3,,
mex,Mexico,,,,,,
p17,post17,29_01_26,jan26,,,,https://truthsocial.com/@realDonaldTrump/posts/115978487020569325
jp,Jerome Powell,,,2,2,,
fedr,Federal Reserve,,,,,,
p18,post18,28_01_26,jan26,,,,https://truthsocial.com/@realDonaldTrump/posts/115976028716143583
cmcd,Colin McDonald,,,2,3,,
doj,Department of Justice,,,,,,
nfed,National Fraud Enforcement Division,,,,,,
ap,American People,,,,,,
cal,California,,,,,,
p19,post19,28_01_26,jan26,,,,https://truthsocial.com/@realDonaldTrump/posts/115973230205233959
sp500,S and P 500,,,,,,
p20,post20,28_01_26,jan26,,,,https://truthsocial.com/@realDonaldTrump/posts/115972940749866695
jacfre,Jacob Frey,,,2,1,,
fedil,Federal Immigration Laws,,,,,,
mipo,Minneapolis,,,,,,
p21,post21,28_01_26,jan26,,,,https://truthsocial.com/@realDonaldTrump/posts/115972714460477814
bibe,Bill Belichick,,,2,3,,
pfhof,Pro Football Hall of Fame,,,,,,
p22,post22,28_01_26,jan26,,,,https://truthsocial.com/@realDonaldTrump/posts/115972658725010644
abli,Abraham Lincoln,,,,,,
p23,post23,27_01_26,jan26,,,,https://truthsocial.com/@realDonaldTrump/posts/115970244299178641
commofpen,Commonwealth of Pennsylvania,,,,,,
staga,Stacy Garrity,,,1,2,,
p24,post24,27_01_26,jan26,,,,https://truthsocial.com/@realDonaldTrump/posts/115970033433071326
toti,Tom Tiffany,,,2,2,,
wis,Wisconsin,,,,,,
p25,post25,27_01_26,jan26,,,,https://truthsocial.com/@realDonaldTrump/posts/115970009433933657
mial,Michael Alfonso,,,2,2,,
sedu,Sean Duffy,,,2,2,,
racadu,Rachel Campos Duffy,,,1,2,,
fn,Fox News,,,,,,
w7cd,Wisconsin 7th Congressional District,,,,,,
p26,post26,27_01_26,jan26,,,,https://truthsocial.com/@realDonaldTrump/posts/115969989606605553
jeel,Jeff Ellington,,,2,2,,
erbas,Eric Bassler,,,2,2,,
robr,Rod Bray,,,2,2,,
krri,Kristi Risk,,,1,2,,
ushor,United States House of Represemtatives,,,,,,
pat,Patriots,,,,,,
ind,Indiana,,,,,,
i39sd,Indiana's 39th Senate District,,,,,,
p27,post27,27_01_26,jan26,,,,https://truthsocial.com/@realDonaldTrump/posts/115969971098103360
brwi,Brenda Wilson,,,1,2,,
grgo,Greg Goode,,,2,2,,
haje,Hakeem Jeffries,,,2,1,,
p28,post28,27_01_26,jan26,,,,https://truthsocial.com/@realDonaldTrump/posts/115969963682592720
paco,Paula Copenhaver,,,1,2,,
spde,Spencer Deery,,,1,2,,
p29,post29,27_01_26,jan26,,,,https://truthsocial.com/@realDonaldTrump/posts/115969943597305015
jomi,Joe Mitchell,,,2,2,,
iw,Iowa,,,,,,
usdofaud,US Department of Housing and Urban Development,,,,,,
p30,post30,27_01_26,jan26,,,,https://truthsocial.com/@realDonaldTrump/posts/115968824541011312
irq,Iraq,,,,,,
nalm,Nouri al-Maliki,,,2,3,,
p31,post31,26_01_26,jan26,,,,https://truthsocial.com/@realDonaldTrump/posts/115964309300790101
trpo,Tracy Powell,,,1,2,,
jibu,Jim Buck,,,2,2,,
p32,post 32,26_01_26,,,,,https://truthsocial.com/@realDonaldTrump/posts/115963713974102712
p33,post 33,26_01_26,,,,,https://truthsocial.com/@realDonaldTrump/posts/115963679718287297
p34,post 34,26_01_26,,,,,https://truthsocial.com/@realDonaldTrump/posts/115963633972056786
sk,South Korea,,,,,,
kole,Korean Legislature,,,,,,
lee,Lee Jae Myung,,,2,3,,
p35,post 35,26_01_26,,,,,https://truthsocial.com/@realDonaldTrump/posts/115963259137242895
mida,Michelle Davis,,,1,2,,
grwa,Greg Walker,,,2,2,,
p36,post 36,26_01_26,,,,,https://truthsocial.com/@realDonaldTrump/posts/115963236796090298
isr,Israel,,,,,,
vene,Venezuela,,,,,,
p37,post 37,26_01_26,,,,,https://truthsocial.com/@realDonaldTrump/posts/115962860545833203
tkc,Trump Kennedy Center,,,,,,
p38,post 38,26_01_26,,,,,https://truthsocial.com/@realDonaldTrump/posts/115962472454059914
p39,post 39,26_01_26,,,,,https://truthsocial.com/@realDonaldTrump/posts/115962378381121858
tenn,Tennessee,,,,,,
p40,post40,26_01_26,jan26,,,,https://truthsocial.com/@realDonaldTrump/posts/115961945286485523
p41,post41,26_01_26,jan26,,,,https://truthsocial.com/@realDonaldTrump/posts/115961944680232406
p42,post42,25_01_26,jan26,,,,https://truthsocial.com/@realDonaldTrump/posts/115958967310904799
nfl,NFL,,,,,,
geo,Georgia,,,,,,
p43,post43,25_01_26,jan26,,,,https://truthsocial.com/@realDonaldTrump/posts/115958124569932540
fedg,federal government,,,,,,
p44,post44,25_01_26,jan26,,,,https://truthsocial.com/@realDonaldTrump/posts/115958123338296139
p45,post45,25_01_26,jan26,,,,https://truthsocial.com/@realDonaldTrump/posts/115957091814780053
p46,post46,25_01_26,jan26,,,,https://truthsocial.com/@realDonaldTrump/posts/115957060813577755
p47,post47,25_01_26,jan26,,,,https://truthsocial.com/@realDonaldTrump/posts/115956946816324221
p48,post48,25_01_26,jan26,,,,https://truthsocial.com/@realDonaldTrump/posts/115956876838938120
jaco,Jamie Comer,,,2,2,,
maba,Maria Bartiromo,,,1,3,,
p49,post49,25_01_26,jan26,,,,https://truthsocial.com/@realDonaldTrump/posts/115956692372915783
usss,United States Secret Service,,,,,,
nthp,National Trust for Historic Preservation,,,,,,
p50,post50,25_01_26,jan26,,,,https://truthsocial.com/@realDonaldTrump/posts/115954417247642839
jofah,Jonathon Fahey,,,,,,
p51,post51,24_01_26,jan26,,,,https://truthsocial.com/@realDonaldTrump/posts/115952253411267214
fema,Federal Emergency Management Agency,,,,,,
nocarl,North Carolina,,,,,,
mary,Maryland,,,,,,
ar,Arkansas,,,,,,
miss,Mississippi,,,,,,
p52,post52,24_01_26,jan26,,,,https://truthsocial.com/@realDonaldTrump/posts/115951852007320342
p53,post53,24_01_26,jan26,,,,https://truthsocial.com/@realDonaldTrump/posts/115951663504789746
p54,post54,24_01_26,jan26,,,,https://truthsocial.com/@realDonaldTrump/posts/115951636521315703
p55,post55,24_01_26,jan26,,,,https://truthsocial.com/@realDonaldTrump/posts/115951100180444245
souk,soldiers of the United Kingdom,,,,,,
afghan,Afghanistan,,,,,,
ukm,UK Military,,,,,,
p56,post56,24_01_26,jan26,,,,https://truthsocial.com/@realDonaldTrump/posts/115951048952031044
chn,China,,,,,,
p57,post57,24_01_26,jan26,,,,https://truthsocial.com/@realDonaldTrump/posts/115950708684387583
soca,South Carolina,,,,,,
va,Virginia,,,,,,
p58,post58,24_01_26,jan26,,,,https://truthsocial.com/@realDonaldTrump/posts/115950424403894234
p59,post59,23_01_26,jan26,,,,https://truthsocial.com/@realDonaldTrump/posts/115947083395862222
ilha,Ilham Aliyev,,,2,3,,
nipa,Nikol Pashinyan,,,2,3,,
jdv,JD Vance,,,2,2,,
aze,Azerbaijan,,,,,,
arm,Armenia,,,,,,
p60,post60,23_01_26,jan26,,,,https://truthsocial.com/@realDonaldTrump/posts/115947045496805234
trad,Trump Administration,,,,,,
p61,post61,23_01_26,jan26,,,,https://truthsocial.com/@realDonaldTrump/posts/115947007592537749
loui,Louisiana,,,,,,
p62,post62,23_01_26,jan26,,,,https://truthsocial.com/@realDonaldTrump/posts/115947007423200004
stsc,Steve Scalise,,,2,2,,
p63,post63,23_01_26,jan26,2,2,,https://truthsocial.com/@realDonaldTrump/posts/115947007268912496
toem,Tom Emmer,,,,,,
p64,post64,23_01_26,jan26,,,,https://truthsocial.com/@realDonaldTrump/posts/115947006428092415
mifi,Michelle Fischbach,,,1,2,,
p65,post65,23_01_26,jan26,,,,https://truthsocial.com/@realDonaldTrump/posts/115946969970832896
gm,general motors,,,,,,
busuv,buick envision suv,,,,,,
p66,post66,23_01_26,jan26,,,,https://truthsocial.com/@realDonaldTrump/posts/115946969213492152
uk,United Kingdom,,,,,,
p67,post67,24_01_26,jan26,,,,https://truthsocial.com/@realDonaldTrump/posts/115946953654029014
ut,Utah,,,,,,
magasup,MAGA Supporters,,,,,,
judg,judges,,,,,,
ufrg,Utah Foundation for Repealing Proposition 4,,,,,,
leac,Leftwing Activists,,,,,,
p68,post68,23_01_26,jan26,,,,https://truthsocial.com/@realDonaldTrump/posts/115946890601825166
mijo,Mike Johnson,,,2,2,,
p69,post69,23_01_26,jan26,,,,https://truthsocial.com/@realDonaldTrump/posts/115946888788026892
p70,post70,23_01_26,jan26,,,,https://truthsocial.com/@realDonaldTrump/posts/115946884254924862
p71,post71,23_01_26,jan26,,,,https://truthsocial.com/@realDonaldTrump/posts/115946882998616328
jasm,Jason Smith,,,2,2,,
mo,Missouri,,,,,,
hwc,House Ways & Means Committee,,,,,,
p72,post72,23_01_26,jan26,,,,https://truthsocial.com/@realDonaldTrump/posts/115946881557161946
mifl,Mike Flood,,,2,2,,
ne,Nebraska,,,,,,
p73,post73,23_01_26,jan26,,,,https://truthsocial.com/@realDonaldTrump/posts/115946879417276798
nila,Nick Langworthy,,,2,2,,
ny,New York,,,,,,
nyrsc,New York Republican State Committee,,,,,,
p74,post74,23_01_26,jan26,,,,https://truthsocial.com/@realDonaldTrump/posts/115946877623841494
frhi,French Hill,,,2,2,,
hfsc,House Financial Services Committee,,,,,,
p75,post75,23_01_26,jan26,,,,https://truthsocial.com/@realDonaldTrump/posts/115946875572351977
brgu,Brett Guthrie,,,2,2,,
ky,Kentucky,,,,,,
hecc,House Energy and Commerce Committee,,,,,,
p76,post76,23_01_26,jan26,,,,https://truthsocial.com/@realDonaldTrump/posts/115946872610760164
brja,Brian Jack,,,2,2,,
whpd,White House Political Director,,,,,,
p77,post77,23_01_26,jan26,,,,https://truthsocial.com/@realDonaldTrump/posts/115946871034219313
jaob,Jay Obernolte,,,2,2,,
p78,post78,23_01_26,jan26,,,,https://truthsocial.com/@realDonaldTrump/posts/115946869365270481
rimc,Rich McCormick,,,2,2,,
p79,post79,23_01_26,jan26,,,,https://truthsocial.com/@realDonaldTrump/posts/115946867281669769
auss,Austin Scott,,,2,2,,
hac,House Agriculture Committee,,,,,,
p80,post80,23_01_26,jan26,,,,https://truthsocial.com/@realDonaldTrump/posts/115946865805351323
rial,Rick Allen,,,2,2,,
p81,post81,23_01_26,jan26,,,,https://truthsocial.com/@realDonaldTrump/posts/115946864062168710
jiba,Jim Baird,,,2,2,,
p82,post82,23_01_26,jan26,,,,https://truthsocial.com/@realDonaldTrump/posts/115946862484550959
visp,Victoria Spartz,,,1,2,,
p83,post83,23_01_26,jan26,,,,https://truthsocial.com/@realDonaldTrump/posts/115946860655104763
jesh,Jefferson Shreve,,,2,2,,
p84,post84,23_01_26,jan26,,,,https://truthsocial.com/@realDonaldTrump/posts/115946858485453938
hrc,House Republican Conference,,,,,,
erho,Erin Houchin,,,1,2,,
p85,post85,23_01_26,jan26,,,,https://truthsocial.com/@realDonaldTrump/posts/115946856565328563
clhi,Clay Higgins,,,2,2,,
p86,post86,23_01_26,jan26,,,,https://truthsocial.com/@realDonaldTrump/posts/115946854162846684
tomc,Tom McClintock,,,2,2,,
hbc,House Budget Committee,,,,,,
p87,post87,23_01_26,jan26,,,,https://truthsocial.com/@realDonaldTrump/posts/115946814032888163
dais,Darrell Issa,,,2,2,,
p88,post88,23_01_26,jan26,,,,https://truthsocial.com/@realDonaldTrump/posts/115946646049401300
anlu,Anna Paulina Luna,,,1,2,,
fl,Florida,,,,,,
p89,post89,23_01_26,jan26,,,,https://truthsocial.com/@realDonaldTrump/posts/115946357948042788
chki,Charlie Kirk,,,1,2,,
bookck,"Book Charlie Kirk: Stop, in the Name of God",,,,,,
p90,post90,23_01_26,jan26,,,,https://truthsocial.com/@realDonaldTrump/posts/115946254061477406
gd,Golden Dome,,,,,,
p91,post91,23_01_26,jan26,,,,https://truthsocial.com/@realDonaldTrump/posts/115945837215795716
p92,post92,23_01_26,jan26,,,,https://truthsocial.com/@realDonaldTrump/posts/115945477247439138
chsc,Chuck Schumer,,,2,1,,
gapr,Gateway Project,,,,,,
p93,post93,23_01_26,jan26,,,,https://truthsocial.com/@realDonaldTrump/posts/115944376084632033
envins,Environmental Insurrectionists,,,,,,
p94,post94,23_01_26,jan26,,,,https://truthsocial.com/@realDonaldTrump/posts/115944336667645170
nato,NATO,,,,,,
davos,Davos,,,,,,
p95,post95,23_01_26,jan26,,,,https://truthsocial.com/@realDonaldTrump/posts/115943221462098784
tikt,TikTok,,,,,,
xi,Xi Jinping,,,,,,
p96,post96,23_01_26,jan26,,,,https://truthsocial.com/@realDonaldTrump/posts/115943221220395905
pmca,Prime Minister Carney,,,2,3,,
bop,Board of Peace,,,,,,
p97,post97,23_01_26,jan26,,,,https://truthsocial.com/@realDonaldTrump/posts/115943220906993463
sb,Southern Border,,,,,,
bp,Border Patrol,,,,,,
p98,post98,23_01_26,jan26,,,,https://truthsocial.com/@realDonaldTrump/posts/115943220561708200
sf,San Francisco,,,,,,
la,Los Angeles,,,,,,
pnw,Pacific Northwest,,,,,,
p99,post99,23_01_26,jan26,,,,https://truthsocial.com/@realDonaldTrump/posts/115943220222528458
p100,post100,23_01_26,jan26,,,,https://truthsocial.com/@realDonaldTrump/posts/115943219966182884
totu,Tommy Tuberville,,,2,2,,
al,Alabama,,,,,,
ussen,U.S. Senate,,,,,,
p101,post101,23_01_26,jan26,,,,https://truthsocial.com/@realDonaldTrump/posts/115942147803684675
p102,post102,23_01_26,jan26,,,,https://truthsocial.com/@realDonaldTrump/posts/115941901312153410
im,Immigrants,,,,,,
p103,post103,23_01_26,jan26,,,,https://truthsocial.com/@realDonaldTrump/posts/115941811687438015
p104,post104,23_01_26,jan26,,,,https://truthsocial.com/@realDonaldTrump/posts/115941794659998195
p105,post105,23_01_26,jan26,,,,https://truthsocial.com/@realDonaldTrump/posts/115941745683532182
p106,post106,23_01_26,jan26,,,,https://truthsocial.com/@realDonaldTrump/posts/115941601213450831
jowa,John Wahl,,,2,2,,
p107,post 107,23_01_26,jan26,,,,https://truthsocial.com/@realDonaldTrump/posts/115941568330748012
blfi,Blake Fiechter,,,2,2,,
trho,Travis Holdman,,,2,2,,
bluf,Bluffton,,,,,,
p108,post108,22_01_26,jan26,,,,https://truthsocial.com/@realDonaldTrump/posts/115941252213747451
p109,post109,22_01_26,jan26,,,,https://truthsocial.com/@realDonaldTrump/posts/115941130299210878
p110,post110,22_01_26,jan26,,,,https://truthsocial.com/@realDonaldTrump/posts/115941096615143011
p111,post111,22_01_26,jan26,,,,https://truthsocial.com/@realDonaldTrump/posts/115940718914667214
jsm,Jack Smith,,,2,3,,
p112,post112,22_01_26,jan26,,,,https://truthsocial.com/@realDonaldTrump/posts/115940444095244586
mia,Miami,,,,,,
maru,Marco Rubio,,,2,2,,
fifa,FIFA World Cup 2026,,,,,,
laoly,Los Angeles Summer Olympics 2028,,,,,,
g20,G20,,,,,,
g7,G7,,,,,,
woex,World Expo 2035,,,,,,
p113,post113,22_01_26,jan26,,,,https://truthsocial.com/@realDonaldTrump/posts/115940231479630134
p114,post114,22_01_26,jan26,,,,https://truthsocial.com/@realDonaldTrump/posts/115939889414201547
ag,Attorney General,,,,,,
p115,post115,22_01_26,jan26,,,,https://truthsocial.com/@realDonaldTrump/posts/115939860152214301
nyt,New York Times,,,,,,
abc,ABC News,,,,,,
nbc,NBC News,,,,,,
cbs,CBS News,,,,,,
cnn,CNN,,,,,,
msnbc,MSNBC,,,,,,
wsj,Wall Street Journal,,,,,,
p116,post116,22_01_26,jan26,,,,https://truthsocial.com/@realDonaldTrump/posts/115939823471731565
p117,post117,22_01_26,jan26,,,,https://truthsocial.com/@realDonaldTrump/posts/115939791935000343
ts,Times Siena Poll,,,,,,
p118,post118,21_01_26,jan26,,,,https://truthsocial.com/@realDonaldTrump/posts/115935584105062053
fcc,Federal Communications Commission,,,,,,
tv,The View,,,,,,
jkl,Jimmy Kimmel Live!,,,,,,
lat,Los Angeles Times,,,,,,
p119,post119,21_01_26,jan26,,,,https://truthsocial.com/@realDonaldTrump/posts/1159347343355792788
mr,Mark Rutte,,,2,1,,
arctic,Arctic Region,,,,,,
sw,Steve Witkoff,,,2,2,,
p120,post120,21_01_26,jan26,,,,https://truthsocial.com/@realDonaldTrump/posts/1159337378158006477
fbi,FBI,,,,,,
sedhun,Sedition Hunters,,,,,,
p121,post121,21_01_26,jan26,,,,https://truthsocial.com/@realDonaldTrump/posts/115930710693248379
am,America,,,,,,
p122,post122,21_01_26,jan26,,,,https://truthsocial.com/@realDonaldTrump/posts/115930705131305934
kapa,Katie Pavlich,,,1,2,,
nena,NewsNation,,,,,,
p123,post123,20_01_26,jan26,,,,https://truthsocial.com/@realDonaldTrump/posts/115928442608514733
p124,post124,20_01_26,jan26,,,,https://truthsocial.com/@realDonaldTrump/posts/115928428222216680
p125,post125,20_01_26,jan26,,,,https://truthsocial.com/@realDonaldTrump/posts/115928321836846571
p126,post126,20_01_26,jan26,,,,https://truthsocial.com/@realDonaldTrump/posts/115926047595803521
dgo,Island of Diego Garcia,,,,,,
mus,Mauritius,,,,,,
dnk,Denmark,,,,,,
p127,post127,20_01_26,jan26,,,,https://truthsocial.com/@realDonaldTrump/posts/115926042315145030
p128,post128,20_01_26,jan26,,,,https://truthsocial.com/@realDonaldTrump/posts/115925766187001811
swis,switzerland,,,,,,
p129,post129,20_01_26,jan26,,,,https://truthsocial.com/@realDonaldTrump/posts/115924279332406120
p130,post130,19_01_26,jan26,,,,https://truthsocial.com/@realDonaldTrump/posts/115924277763800167
p131,post131,19_01_26,jan26,,,,https://truthsocial.com/@realDonaldTrump/posts/115924046475418008
p132,post132,19_01_26,jan26,,,,https://truthsocial.com/@realDonaldTrump/posts/115924043199702065
rs,Rodney Scott,,,2,2,,
wc,Will Cain,,,2,3,,
wcs,The Will Cain Show,,,,,,
p133,post133,19_01_26,jan26,,,,https://truthsocial.com/@realDonaldTrump/posts/115924025571521310
obp,Open Border Policy,,,,,,
mp,Minnesota politicans,,,,,,
p134,post134,19_01_26,jan26,,,,https://truthsocial.com/@realDonaldTrump/posts/115923918404792612
mico,Michael Cohen,,,2,1,,
p135,post135,19_01_26,jan26,,,,https://truthsocial.com/@realDonaldTrump/posts/115922086257363944
som,Somali fraud scandal,,,,,,
p136,post136,19_01_26,jan26,,,,https://truthsocial.com/@realDonaldTrump/posts/115919827634401559
nyse,New York Stock Exchange,,,,,,
dal,Dallas,,,,,,
zoma,Zohran Mamdani,,,2,3,,
p137,post137,19_01_26,jan26,,,,https://truthsocial.com/@realDonaldTrump/posts/115919803174585205
p138,post138,18_01_26,jan26,,,,https://truthsocial.com/@realDonaldTrump/posts/115919697262007872
soma,Somalia,,,,,,
p139,post139,18_01_26,jan26,,,,https://truthsocial.com/@realDonaldTrump/posts/115919466737908324
pesc,Peter Schweizer,,,2,3,,
p140,post140,18_01_26,jan26,,,,https://truthsocial.com/@realDonaldTrump/posts/115919296178368951
p141,post141,18_01_26,jan26,,,,https://truthsocial.com/@realDonaldTrump/posts/115919038563850124
dabo,David Bossie,,,2,2,,
p142,post142,18_01_26,jan26,,,,https://truthsocial.com/@realDonaldTrump/posts/115916047821747370
p143,post143,18_01_26,jan26,,,,https://truthsocial.com/@realDonaldTrump/posts/115915958962150760
tisc,Tim Scott,,,2,2,,
latr,Lara Trump,,,1,2,,
p144,post144,18_01_26,jan26,,,,https://truthsocial.com/@realDonaldTrump/posts/115915952093312324
p145,post145,18_01_26,jan26,,,,https://truthsocial.com/@realDonaldTrump/posts/115915881410679214
jifa,Jimmy Failla,,,2,3,,
p146,post146,18_01_26,jan26,,,,https://truthsocial.com/@realDonaldTrump/posts/115915851439933172
nor,Norway,,,,,,
swe,Sweden,,,,,,
fra,France,,,,,,
ger,Germany,,,,,,
nld,Netherlands,,,,,,
fin,Finland,,,,,,
p147,post147,18_01_26,jan26,,,,https://truthsocial.com/@realDonaldTrump/posts/115913968629100828
damc,David McIntosh,,,2,2,,
p148,post148,18_01_26,jan26,,,,https://truthsocial.com/@realDonaldTrump/posts/115913818366988479
jlet,Julia Letlow,,,1,2,,
p149,post149,17_01_26,jan26,,,,https://truthsocial.com/@realDonaldTrump/posts/115913809230823901
bmoo,Barry Moore,,,2,2,,
p150,post150,17_01_26,jan26,,,,https://truthsocial.com/@realDonaldTrump/posts/115913629513015604
army,United States Army,,,,,,
navy,United States Navy,,,,,,
p151,post151,17_01_26,jan26,,,,https://truthsocial.com/@realDonaldTrump/posts/115912250523181458
p152,post152,17_01_26,jan26,,,,https://truthsocial.com/@realDonaldTrump/posts/115911344443637897
p153,post153,17_01_26,jan26,,,,https://truthsocial.com/@realDonaldTrump/posts/115911321115123547
jadi,Jamie Dimon,,,2,2,,
jpm,JP Morgan,,,,,,
p154,post154,17_01_26,jan26,,,,https://truthsocial.com/@realDonaldTrump/posts/115908316744576000
p155,post155,17_01_26,jan26,,,,https://truthsocial.com/@realDonaldTrump/posts/115908065089401787
nyc,New York Courts,,,,,,
p156,post156,17_01_26,jan26,,,,https://truthsocial.com/@realDonaldTrump/posts/115906000981082082
p157,post157,16_01_26,jan26,,,,https://truthsocial.com/@realDonaldTrump/posts/115905757161594483
p158,post158,16_01_26,jan26,,,,https://truthsocial.com/@realDonaldTrump/posts/115905755470362973
p159,post159,01_01_26,jan26,,,,https://truthsocial.com/@realDonaldTrump/posts/115821862193209382
asw,Alex Swoyer,,,2,3,,
maga,MAGA,,,,,,
p160,post160,01_01_26,jan26,,,,https://truthsocial.com/@realDonaldTrump/posts/115823137139241980
adc,Art Del Cueto,,,,,,
jb,Joe Biden,,,2,1,,
p161,post161,01_01_26,jan26,,,,https://truthsocial.com/@realDonaldTrump/posts/115824439366264186
irng,Iranian Government,,,,,,
p162,post162,02_01_26,jan26,,,,https://truthsocial.com/@realDonaldTrump/posts/115825378093317232
ce,Cognitive Examination,,,,,,
p163,post163,02_01_26,jan26,,,,https://truthsocial.com/@realDonaldTrump/posts/115825721310088041
anti,ANTIFA,,,,,,
ucb,UC Berkeley,,,,,,
p164,post164,02_01_26,jan26,,,,https://truthsocial.com/@realDonaldTrump/posts/115825822957307790
gec,Green Energy Company,,,,,,
be,Bald Eagles,,,,,,
p165,post165,02_01_26,jan26,,,,https://truthsocial.com/@realDonaldTrump/posts/115825951172960005
p166,post166,03_01_26,jan26,,,,https://truthsocial.com/@realDonaldTrump/posts/115830428767897167
nm,Nicolás Maduro,,,2,3,,
wfe,Cilia Flores,,,,,,
p167,post167,03_01_26,jan26,,,,https://truthsocial.com/@realDonaldTrump/posts/115833689929797630
p168,post168,03_01_26,jan26,,,,https://truthsocial.com/@realDonaldTrump/posts/115833880793462028
dws,Debbie Wassermann Schultz,,,1,2,,
p169,post169,05_01_26,jan26,,,,https://truthsocial.com/@realDonaldTrump/posts/115842866197248103
p172,post172,05_01_26,jan26,,,,https://truthsocial.com/@realDonaldTrump/posts/115844083693194821
walz,Tim Walz,,,2,1,,
gn,Gavin Newsom,,,2,1,,
jbp,J. B. Pritzker,,,2,1,,
kaho,Kathy Hochul,,,1,1,,
minn,Minnesota,,,,,,
p170,post170,05_01_26,jan26,,,,https://truthsocial.com/@realDonaldTrump/posts/115844769291604784
tm,Thomas Massie,,,2,2,,
eg,Ed Gallrein,,,2,2,,
p171,post171,05_01_26,jan26,,,,https://truthsocial.com/@realDonaldTrump/posts/115844814100241306
pw,Pregnant Women,,,,,,
vac,vaccination,,,,,,
p173,post173,05_01_26,jan26,,,,https://truthsocial.com/@realDonaldTrump/posts/115844861259246664
rkjr,Robert F. Kennedy Jr.,,,2,,,
cdc,Centers for Disease Control and Prevention,,,,,,
fda,Food and Drug Administration,,,,,,
cms,Centers for Medicare & Medicaid Services,,,,,,
nih,National Institutes of Health,,,,,,
p174,post174,05_01_26,jan26,,,,https://truthsocial.com/@realDonaldTrump/posts/115844958852489769
bs,Blue States,,,,,,
p175,post175,06_01_26,jan26,,,,
p176,post176,06_01_26,jan26,,,,
p177,post177,06_01_26,jan26,,,,https://truthsocial.com/@realDonaldTrump/posts/115848423492044761
hrepu,House Republicans,,,3,2,,
p178,post178,06_01_26,jan26,,,,https://truthsocial.com/@realDonaldTrump/posts/115850261028223020
jf,Jay Feely,,,2,2,,
gsw,Gina Swoboda,,,1,2,,
az,Arizona,,,,,,
p179,post179,06_01_26,jan26,,,,https://truthsocial.com/@realDonaldTrump/posts/115850286700351188
amk,Amanda McKinney,,,1,2,,
wa,Washington,,,,,,
p180,post180,06_01_26,jan26,,,,https://truthsocial.com/@realDonaldTrump/posts/115850410088588555
tt,Tano Tijerina,,,2,2,,
p181,post181,06_01_26,jan26,,,,https://truthsocial.com/@realDonaldTrump/posts/115850412075994316
hc,Henry Cuellar,,,2,1,,
rldt,Radical Left Thugs,,,3,1,,
p182,post182,06_01_26,jan26,,,,https://truthsocial.com/@realDonaldTrump/posts/115850441807763948
sba,Sara Baxter,,,1,2,,
p183,post183,06_01_26,jan26,,,,https://truthsocial.com/@realDonaldTrump/posts/115850448778042500
jm,Jon Maples,,,2,2,,
mw,Meg Weinberger,,,1,2,,
p184,post184,06_01_26,jan26,,,,https://truthsocial.com/@realDonaldTrump/posts/115850509804217257
ad,Andrew Davis,,,2,2,,
usdcwtx,US District Court Western District of Texas,,,,,,
tc,Ted Cruz,,,2,2,,
p185,post185,06_01_26,jan26,,,,https://truthsocial.com/@realDonaldTrump/posts/115850512257143274
cwo,Chris Wolfe,,,2,2,,
p186,post186,06_01_26,jan26,,,,https://truthsocial.com/@realDonaldTrump/posts/115850515035074475
josh,John Shepherd,,,2,2,,
usdcar,US District Court Western District of Arkansas,,,,,,
p187,post187,06_01_26,jan26,,,,https://truthsocial.com/@realDonaldTrump/posts/115850518579436668
asj,Anna St. John,,,1,3,,
hdl,Hamilton Lincoln Law Institute,,,,,,
edla,US District Court Eastern District of Louisiana,,,,,,
p188,post188,06_01_26,jan26,,,,https://truthsocial.com/@realDonaldTrump/posts/115850817778602689
p189,post189,07_01_26,jan26,,,,https://truthsocial.com/@realDonaldTrump/posts/115854238467475779
johar,John Harbaugh,,,2,,,
p190,post190,07_01_26,jan26,,,,https://truthsocial.com/@realDonaldTrump/posts/115854352740910460
p191,post191,07_01_26,jan26,,,,https://truthsocial.com/@realDonaldTrump/posts/115855025749206304
dl,Doug LaMalfa,,,2,2,,
p192,post192,07_01_26,jan26,,,,https://truthsocial.com/@realDonaldTrump/posts/115855059527504524
p193,post193,07_01_26,jan26,,,,https://truthsocial.com/@realDonaldTrump/posts/115855387946005468
defind,Defense Industry,,,,,,
p194,post194,07_01_26,jan26,,,,https://truthsocial.com/@realDonaldTrump/posts/115855701696773990
p195,p195,07_01_26,jan26,,,,https://truthsocial.com/@realDonaldTrump/posts/115855836062461949
ray,Raytheon,,,,,,
dow,Department of War,,,,,,
p196,post196,07_01_26,jan26,,,,https://truthsocial.com/@realDonaldTrump/posts/115855894695940909
milb,Military Budget,,,,,,
scot,United States Supreme Court,,,,,,
p197,post197,07_01_26,jan26,,,,https://truthsocial.com/@realDonaldTrump/posts/115856078669121098
ampr,American Products,,,,,,
agr,American Agricultural Products,,,,,,
meds,American Medicines,,,,,,
eme,American Medical Equipment,,,,,,
p198,post198,07_01_26,jan26,,,,https://truthsocial.com/@realDonaldTrump/posts/115856506155736586
gp,Gustavo Petro,,,2,3,,
col,Colombia,,,,,,
p199,post199,08_01_26,jan26,,,,https://truthsocial.com/@realDonaldTrump/posts/115860738010214901
suco,Susan Collins,,,1,2,,
lm,Lisa Murkowski,,,1,2,,
rp,Rand Paul,,,2,2,,
jh,Josh Hawley,,,2,2,,
toyo,Todd Young,,,2,2,,
sen,Senate,,,,,,
p200,post200,08_01_26,jan26,,,,https://truthsocial.com/@realDonaldTrump/posts/115861537483492504
intel,Intel,,,,,,
lbt,Lip-Bu Tan,,,,,,
p201,post201,08_01_26,jan26,,,,https://truthsocial.com/@realDonaldTrump/posts/115861588073149023
fnma,Fannie Mae,,,,,,
p202,post202,08_01_26,jan26,,,,https://truthsocial.com/@realDonaldTrump/posts/115862109893187989
gdp,(Nation's) Gross Domestic Product ,,,,,,
td,Trade Deficit,,,,,,
p203,post203,08_01_26,jan26,,,,https://truthsocial.com/@realDonaldTrump/posts/115862665860473431
may,Mayor,,,,,,
p204,post204,09_01_26,jan26,,,,https://truthsocial.com/@realDonaldTrump/posts/115864395969123502
big,Big Oil,,,,,,
polpri,Political Prisoners,,,,,,
p205,post205,09_01_26,jan26,,,,https://truthsocial.com/@realDonaldTrump/posts/115866622554668872
dr,Drugs,,,,,,
p206,post206,11_01_26,jan26,,,,https://truthsocial.com/@realDonaldTrump/posts/115866624593954329
owc,Oil Companies,,,,,,
cwri,Chris Wright,,,2,3,,
dbur,Doug Burgum,,,2,2,,
p207,post207,09_01_26,jan26,,,,https://truthsocial.com/@realDonaldTrump/posts/115866908684935165
iata,Interim Authorities of Venezuela,,,,,,
p208,post208,09_01_26,jan26,,,,https://truthsocial.com/@realDonaldTrump/posts/115867385857410443
ala,Art Laffer,,,2,3,,
sm,Stephen Moore,,,2,3,,
teb,The Trump Economic Miracle (Book),,,,,,
p209,post209,09_01_26,jan26,,,,https://truthsocial.com/@realDonaldTrump/posts/115867481802224393
md,Megan Degenfelder,,,1,2,,
wy,Wyoming,,,,,,
vet,Veterans,,,,,,
afarm,American Farmers,,,,,,
p210,post210,09_01_26,jan26,,,,https://truthsocial.com/@realDonaldTrump/posts/115868132990949589
ccco,Credit Card Companies,,,,,,
tp,The Public,,,,,,
p211,post211,09_01_26,jan26,,,,https://truthsocial.com/@realDonaldTrump/posts/115868134941083354
fmac,Freddie Mac,,,,,,
amerf,American Families,,,,,,
mor,mortage,,,,,,
p212,post212,10_01_26,jan26,,,,https://truthsocial.com/@realDonaldTrump/posts/115873337954422404
fl87,Florida HD-87,,,,,,
sa,Second Amendment,,,,,,
elec,Elections,,,,,,
p213,post213,10_01_26,jan26,,,,https://truthsocial.com/@realDonaldTrump/posts/115873451908160529
p214,post214,11_01_26,jan26,,,,https://truthsocial.com/@realDonaldTrump/posts/115876460615555838
cuba,Cuba,,,,,,
p215,post215,12_01_26,jan26,,,,https://truthsocial.com/@realDonaldTrump/posts/115882511750475574
dpm,Dina Powell McCormick,,,1,2,,
meta,Meta,,,,,,
mz,Mark Zuckerberg,,,2,,,
p216,post216,12_01_26,jan26,,,,https://truthsocial.com/@realDonaldTrump/posts/115883475463948362
supcou,Supreme Court,,,,,,
p217,post217,12_01_26,jan26,,,,https://truthsocial.com/@realDonaldTrump/posts/115884164936451552
kp,Kash Patel,,,2,2,,
bo,Barack Obama,,,2,1,,
p218,post218,12_01_26,jan26,,,,https://truthsocial.com/@realDonaldTrump/posts/115884319075881590
p219,post219,12_01_26,jan26,,,,https://truthsocial.com/@realDonaldTrump/posts/115884425860726582
man,Manhattan,,,,,,
cp,Congestion Pricing,,,,,,
p220,post220,12_01_26,jan26,,,,https://truthsocial.com/@realDonaldTrump/posts/115884759090137876
tech,Technology Companies,,,,,,
ms,Microsoft,,,,,,
ai,Artificial Intelligence,,,,,,
dc,Data Centers,,,,,,
util,Utility Bills,,,,,,
p221,post221,13_01_26,jan26,,,,https://truthsocial.com/@realDonaldTrump/posts/115888070937502023
p222,post222,13_01_26,jan26,,,,https://truthsocial.com/@realDonaldTrump/posts/115888260399895701
p223,post223,13_01_26,jan26,,,,https://truthsocial.com/@realDonaldTrump/posts/115888317758045915
p224,post224,13_01_26,jan26,,,,https://truthsocial.com/@realDonaldTrump/posts/115888656099131562
sca,Scott Adams,,,2,3,,
p225,post225,13_01_26,jan26,,,,https://truthsocial.com/@realDonaldTrump/posts/115889954671261109
sbe,Scott Bessent,,,2,2,,
atp,American Taxpayers,,,,,,
p226,post226,13_01_26,jan26,,,,https://truthsocial.com/@realDonaldTrump/posts/115889956193740965
p227,post227,14_01_26,jan26,,,,https://truthsocial.com/@realDonaldTrump/posts/115893255826342514
p228,post228,14_01_26,jan26,,,,https://truthsocial.com/@realDonaldTrump/posts/115893309945152200
sanc,Sanctuary Cities,,,,,,
p229,post229,14_01_26,jan26,,,,https://truthsocial.com/@realDonaldTrump/posts/115895806350456434
oil,Oil,,,,,,
miner,Minerals,,,,,,
trade,Trade,,,,,,
dro,Delcy Rodríguez,1,2,,,,
p230,post230,15_01_26,jan26,,,,https://truthsocial.com/@realDonaldTrump/posts/115899010178595252
p231,post231,15_01_26,jan26,,,,https://truthsocial.com/@realDonaldTrump/posts/115899252938886431
minnpol,Minnesota Politicians,,,,,,
agit,Professional Agitators,,,,,,
insur,Insurrectionists,,,,,,
insact,Insurrection Act,,,,,,
p232,post232,15_01_26,jan26,,,,https://truthsocial.com/@realDonaldTrump/posts/115901513827848128
p233,post233,15_01_26,jan26,,,,https://truthsocial.com/@realDonaldTrump/posts/115901692370933354
p234,post234,15_01_26,jan26,,,,https://truthsocial.com/@realDonaldTrump/posts/115902017280271792
gaza,Gaza,,,,,,
aid,Humanitarian Aid,,,,,,
palgov,Palestinian Technocratic Government,,,,,,
egy,Egypt,,,,,,
tur,Turkey,,,,,,
qat,Qatar,,,,,,
gaza20,Gaza's 20-Point Peace Plan,,,,,,
demil,Demilitarization,,,,,,
p235,post235,15_01_26,jan26,,,,https://truthsocial.com/@realDonaldTrump/posts/115902023696178994
mcm,María Corina Machado,,,,,,