id,name,date,month,sex,party,,topcategory,link
cf,campaign fundraising,,,,,,1,
ef,election fraud,,,,,,1,
suc,surrogate campaigning,,,,,,1,
af,America First,,,,,,1,
dam,downsyndrrom awareness month,,,,,,2,
fy,Fentanyl,,,,,,2,
ty,Tylenol,,,,,,2,
if,inflation,,,,,,3,
iv,investments,,,,,,3,
sc,spending cuts,,,,,,3,
cor,corruption,,,,,,8,
doge,DOGE,,,,,,3,
js,justice system,,,,,,4,
pa,pardon,,,,,,4,
le,law enforcement,,,,,,4,
sec,second amendment,,,,,,4,
fos,freedom of speech,,,,,,4,
lp,legal proceedings,,,,,,4,
sch,school system,,,,,,5,
uni,universities,,,,,,5,
ta,taxes,,,,,,6,
caaa,corporate and administrative announcements,,,,,,6,
ng,national guards,,,,,,7,
nwt,nuclear weapons testing,,,,,,7,
ma,Marine,,,,,,7,
mu,murderer,,,,,,8,
cr,criminals,,,,,,8,
rl,radical left,,,,,,9,
fk,fake news,,,,,,10,
mc,media criticism,,,,,,10,
u,Univision,,,,,,10,
p,press,,,,,,10,
tva,TV appearances,,,,,,10,
t,tariffs,,,,,,11,
ttb,TikTok Ban,,,,,,11,
eu,European Union,,,,,,11,
afd,Alternative für Deutschland,,,,,,11,
ham,Hamas,,,,,,11,
pair,political alliances & international relations,,,,,,11,
pm,political meetings,,,,,,11,
ic,international comparison,,,,,,11,
un,United Nations,,,,,,11,
aogo,appointment of government officials,,,,,,12,
bbb,Big Beautiful Bill,,,,,,12,
o,opposition,,,,,,12,
ack,Attentat auf Charlie Kirk,,,,,,12,
d,democrats ,,,,,,12,
ice,ICE,,,,,,12,
isr,Israel,,,,,,13,
rus,Russia,,,,,,13,
ukr,Ukraine,,,,,,13,
gaz,Gaza Strip,,,,,,13,
tha,Thailand,,,,,,13,
kam,Kambodscha,,,,,,13,
grl,Greenland,,,,,,13,
irn,Iran,,,,,,13,
ven,Venezuela,,,,,,13,
cap,capitol riot ,,,,,,13,
b,Blutbad (Bloodbath in Bezug auf Russland/Ukraine),,,,,,13,
g,Golf,,,,,,14,
ba,Basketball,,,,,,14,
wt,wind turbines,,,,,,15,
cc,climate change,,,,,,15,
ep,energy policy,,,,,,15,
rb,religious beliefs,,,,,,16,
jew,jews,,,,,,16,
npp,nobel peace price,,,,,,19,
fpp,FIFA Peace Prize,,,,,,19,
par,pardon,,,,,,4,
pa,personal attacks,,,,,,9,
nas,national security,,,,,,12,
c,children,,,,,,18,
w,wife,,,,,,18,
usdod,Department of Defence ,,,,,,7,
fb,football,,,,,,14,
obp,open border policy,,,,,,,
wf,wild fires,,,,,,,
iwr,I was right,,,,,,,
northc,North Carolina,,,,,,13,
cali,California,,,,,,13,
nz,New Zealand,,,,,,13,
sam,samoa,,,,,,13,
nv,Nevada,,,,,,13,
fl,Florida,,,,,,13,
az,Arizona,,,,,,13,
col,Colombia,,,,,,13,
pan,Panama,,,,,,13,
tn,Tennessee,,,,,,13,
wafl,Waterflow,,,,,,,
av,aviation,,,,,,,
som,Somalia,,,,,,,
mex,Mexico,,,,,,,
can,Canada,,,,,,,
chn,China,,,,,,,
sa ,South Africa,,,,,,,
aut,Autism,,,,,,2,
trans,Transgender participation,,,,,,,
wspt,Womenssport,,,,,,,
rf,religions freedom,,,,,,,
pat,patriotism,,,,,,,
budg,Budget,,,,,,,
en,environment,,,,,,,
jpn,Japan,,,,,,,
art,arts & culture,,,,,,,
ia,Iowa,,,,,,,
ger,Germany,,,,,,,
gofa,golf of america,,,,,,,
usdoc,United States Department of Commerce,,,,,,,
ustr,United States Trade Representative,,,,,,,
im,immigration,,,,,,,
id,Idaho,,,,,,,
wy,Wyoming,,,,,,,
syr,Syria,,,,,,,
ny ,New York  ,,,,,,,
bor,border,,,,,,,
ct,congestion toll,,,,,,,
iceh,icehockey,,,,,,,
mi,Michigan,,,,,,,
bit,Bitcoin,,,,,,,
peace,peace,,,,,,,
tech,technology,,,,,,,
fra,France,,,,,,,
ai,artificial intelligence,,,,,,,
baseb,baseball,,,,,,,
ensr,endorsment,,,,,,,
hom,homless,,,,,,,
dr,drugs,,,,,,,
socs,Social Secruity,,,,,,,
ont,Ontario,,,,,,,
aus,Australia,,,,,,,
nuc,Nuclear Weapons  ,,,,,,,
me ,Middle East,,,,,,,
irl,Ireland,,,,,,,
j6,January 6th,,,,,,,
env,enviroment,,,,,,,
ct,Connecticut,,,,,,,
els,El Salvador,,,,,,,
nweng,New England,,,,,,,
afg,Afghanistan,,,,,,,
ark,Arkansas,,,,,,,
uae,United Arab Emirates,,,,,,,
maga,Make America Great Again,,,,,,,
wis,Wisconsin,,,,,,,
box,boxing,,,,,,,
mai,Maine,,,,,,,
socm,Social Media,,,,,,,
nj,New Jersey,,,,,,,
crm,crime ,,,,,,,
wash,Washington,,,,,,,
Finland,Finnland,,,,,,,
egy,Egypt,,,,,,,
yem,Yemen,,,,,,,
uk ,United Kingdom,,,,,,,
vie,Vietnam,,,,,,,
skor,South Korea,,,,,,,
dom,Daylight Saving,,,,,,,
usa,United States of America,,,,,,,
fa,farmers,,,,,,,
ir,interest rates,,,,,,,
ita,Italy,,,,,,,
ind,India,,,,,,,
afr,Africa,,,,,,,
actb,ActBlue,,,,,,,
pen,Pennsylvania,,,,,,,
vir,Virginia,,,,,,,
,,,,,,,,
Januar ,,,,,,,,
p1,post1,01_01_25,jan25,,,,,
p2,post2,01_01_25,jan25,,,,,https://truthsocial.com/@realDonaldTrump/posts/113754467479053315
p3,post3,01_01_25,jan25,,,,,https://truthsocial.com/@realDonaldTrump/posts/113755116467958801
p4,post4,02_01_25,jan25,,,,,https://truthsocial.com/@realDonaldTrump/posts/113757022203490348
p5,post5,02_01_25,jan25,,,,,https://truthsocial.com/@realDonaldTrump/posts/113757027763121461
p6,post6,02_01_25,jan25,,,,,https://truthsocial.com/@realDonaldTrump/posts/113759153879157409
p7,post7,03_01_25,jan25,,,,,https://truthsocial.com/@realDonaldTrump/posts/113761610630888873
p8,post8,03_01_25,jan25,,,,,https://truthsocial.com/@realDonaldTrump/posts/113761610964263186
p9,post9,03_01_25,jan25,,,,,https://truthsocial.com/@realDonaldTrump/posts/113761614635372995
p10,post10,03_01_25,jan25,,,,,https://truthsocial.com/@realDonaldTrump/posts/113761615416243218
p11,post11,03_01_25,jan25,,,,,https://truthsocial.com/@realDonaldTrump/posts/113762718646858742
p12,post12,03_01_25,jan25,,,,,https://truthsocial.com/@realDonaldTrump/posts/113762729436262921
p13,post13,03_01_25,jan25,,,,,https://truthsocial.com/@realDonaldTrump/posts/113764616476025179
p14,post14,03_01_25,jan25,,,,,https://truthsocial.com/@realDonaldTrump/posts/113764619892369475
p15,post15,03_01_25,jan25,,,,,https://truthsocial.com/@realDonaldTrump/posts/113765824090252651
p16,post16,03_01_25,jan25,,,,,https://truthsocial.com/@realDonaldTrump/posts/113765847370756395
p17,post17,03_01_25,jan25,,,,,https://truthsocial.com/@realDonaldTrump/posts/113766194492726186
p18,post18,03_01_25,jan25,,,,,https://truthsocial.com/@realDonaldTrump/posts/113766496962657828
p19,post19,04_01_25,jan25,,,,,https://truthsocial.com/@realDonaldTrump/posts/113767012101264154
p20,post20,04_01_25,jan25,,,,,https://truthsocial.com/@realDonaldTrump/posts/113767012988447810
p21,post21,04_01_25,jan25,,,,,https://truthsocial.com/@realDonaldTrump/posts/113767243927095317
p22,post22,04_01_25,jan25,,,,,https://truthsocial.com/@realDonaldTrump/posts/113767548146140020
p23,post23,04_01_25,jan25,,,,,https://truthsocial.com/@realDonaldTrump/posts/113767549463148074
p24,post24,04_01_25,jan25,,,,,https://truthsocial.com/@realDonaldTrump/posts/113770089280713901
p25,post25,04_01_25,jan25,,,,,https://truthsocial.com/@realDonaldTrump/posts/113770221063957382
p26,post26,06_01_25,jan25,,,,,https://truthsocial.com/@realDonaldTrump/posts/113778270981808446
p27,post27,06_01_25,jan25,,,,,https://truthsocial.com/@realDonaldTrump/posts/113778957475969583
p28,post28,06_01_25,jan25,,,,,https://truthsocial.com/@realDonaldTrump/posts/113781647532063909
p29,post29,06_01_25,jan25,,,,,https://truthsocial.com/@realDonaldTrump/posts/113781668884628397
p30,post30,06_01_25,jan25,,,,,https://truthsocial.com/@realDonaldTrump/posts/113781828670659948
p31,post31,06_01_25,jan25,,,,,https://truthsocial.com/@realDonaldTrump/posts/113782593946571268
p32,post32,06_01_25,jan25,,,,,https://truthsocial.com/@realDonaldTrump/posts/113782682597333035
p33,post33,07_01_25,jan25,,,,,https://truthsocial.com/@realDonaldTrump/posts/113783930691285775
p34,post34,07_01_25,jan25,,,,,https://truthsocial.com/@realDonaldTrump/posts/113784403054671011
p35,post35,07_01_25,jan25,,,,,https://truthsocial.com/@realDonaldTrump/posts/113787590758180339
p36,post36,08_01_25,jan25,,,,,https://truthsocial.com/@realDonaldTrump/posts/113789874318969723
p37,post37,08_01_25,jan25,,,,,https://truthsocial.com/@realDonaldTrump/posts/113793724958051185
p38,post38,08_01_25,jan25,,,,,https://truthsocial.com/@realDonaldTrump/posts/113794310597997768
p39,post39,08_01_25,jan25,,,,,https://truthsocial.com/@realDonaldTrump/posts/113794373085936970
p40,post40,08_01_25,jan25,,,,,https://truthsocial.com/@realDonaldTrump/posts/113794520227234567
p41,post41,08_01_25,jan25,,,,,https://truthsocial.com/@realDonaldTrump/posts/113794812156056041
p42,post42,09_01_25,jan25,,,,,https://truthsocial.com/@realDonaldTrump/posts/113795257617091833
p43,post43,09_01_25,jan25,,,,,https://truthsocial.com/@realDonaldTrump/posts/113795270864571871
p44,post44,09_01_25,jan25,,,,,https://truthsocial.com/@realDonaldTrump/posts/113796555731896970
p45,post45,09_01_25,jan25,,,,,https://truthsocial.com/@realDonaldTrump/posts/113798400418762415
p46,post46,09_01_25,jan25,,,,,https://truthsocial.com/@realDonaldTrump/posts/113800079508041805
p47,post47,09_01_25,jan25,,,,,https://truthsocial.com/@realDonaldTrump/posts/113800699320833807
p48,post48,10_01_25,jan25,,,,,https://truthsocial.com/@realDonaldTrump/posts/113801030153083772
p49,post49,10_01_25,jan25,,,,,https://truthsocial.com/@realDonaldTrump/posts/113801031089610076
p50,post50,10_01_25,jan25,,,,,https://truthsocial.com/@realDonaldTrump/posts/113801152970385739
p51,post51,10_01_25,jan25,,,,,https://truthsocial.com/@realDonaldTrump/posts/113801194574051815
p52,post52,10_01_25,jan25,,,,,https://truthsocial.com/@realDonaldTrump/posts/113801361784208511
p53,post53,10_01_25,jan25,,,,,https://truthsocial.com/@realDonaldTrump/posts/113801865804214139
p54,post54,10_01_25,jan25,,,,,https://truthsocial.com/@realDonaldTrump/posts/113804764963563444
p55,post55,11_01_25,jan25,,,,,https://truthsocial.com/@realDonaldTrump/posts/113806697640626691
p56,post56,11_01_25,jan25,,,,,https://truthsocial.com/@realDonaldTrump/posts/113806736829454392
p57,post57,11_01_25,jan25,,,,,https://truthsocial.com/@realDonaldTrump/posts/113811527858687071
p58,post58,11_01_25,jan25,,,,,https://truthsocial.com/@realDonaldTrump/posts/113811530017352088
p59,post59,11_01_25,jan25,,,,,https://truthsocial.com/@realDonaldTrump/posts/113811581986342614
p60,post60,11_01_25,jan25,,,,,https://truthsocial.com/@realDonaldTrump/posts/113811582662856492
p61,post61,11_01_25,jan25,,,,,https://truthsocial.com/@realDonaldTrump/posts/113811582890637417
p62,post62,11_01_25,jan25,,,,,https://truthsocial.com/@realDonaldTrump/posts/113811644829513908
p63,post63,11_01_25,jan25,,,,,https://truthsocial.com/@realDonaldTrump/posts/113811654018456899
p64,post64,11_01_25,jan25,,,,,https://truthsocial.com/@realDonaldTrump/posts/113811658891289537
p65,post65,11_01_25,jan25,,,,,https://truthsocial.com/@realDonaldTrump/posts/113811719432524620
p66,post66,12_01_25,jan25,,,,,https://truthsocial.com/@realDonaldTrump/posts/113813910239950299
p67,post67,12_01_25,jan25,,,,,https://truthsocial.com/@realDonaldTrump/posts/113813952733064849
p68,post68,12_01_25,jan25,,,,,https://truthsocial.com/@realDonaldTrump/posts/113815442943651160
p69,post69,12_01_25,jan25,,,,,https://truthsocial.com/@realDonaldTrump/posts/113816744699535201
p70,post70,12_01_25,jan25,,,,,https://truthsocial.com/@realDonaldTrump/posts/113817279378833131
p71,post71,13_01_25,jan25,,,,,https://truthsocial.com/@realDonaldTrump/posts/113822014832762107
p72,post72,14_01_25,jan25,,,,,https://truthsocial.com/@realDonaldTrump/posts/113824747339407145
p73,post73,14_01_25,jan25,,,,,https://truthsocial.com/@realDonaldTrump/posts/113825273712457498
p74,post74,14_01_25,jan25,,,,,https://truthsocial.com/@realDonaldTrump/posts/1138253426502525
p75,post75,14_01_25,jan25,,,,,https://truthsocial.com/@realDonaldTrump/posts/113825385088555273
p76,post76,14_01_25,jan25,,,,,https://truthsocial.com/@realDonaldTrump/posts/113825394837263070
p77,post77,14_01_25,jan25,,,,,https://truthsocial.com/@realDonaldTrump/posts/113826664007613749
p78,post78,14_01_25,jan25,,,,,https://truthsocial.com/@realDonaldTrump/posts/113826686962325672
p79,post79,14_01_25,jan25,,,,,https://truthsocial.com/@realDonaldTrump/posts/113827650534234057
p80,post80,14_01_25,jan25,,,,,https://truthsocial.com/@realDonaldTrump/posts/113827719473988869
p81,post81,15_01_25,jan25,,,,,https://truthsocial.com/@realDonaldTrump/posts/113830524777312896
p82,post82,15_01_25,jan25,,,,,https://truthsocial.com/@realDonaldTrump/posts/113833208508999868
p83,post83,15_01_25,jan25,,,,,https://truthsocial.com/@realDonaldTrump/posts/113833216412524131
p84,post84,15_01_25,jan25,,,,,https://truthsocial.com/@realDonaldTrump/posts/113833442957238587
p85,post85,15_01_25,jan25,,,,,https://truthsocial.com/@realDonaldTrump/posts/113833531533520804
p86,post86,15_01_25,jan25,,,,,https://truthsocial.com/@realDonaldTrump/posts/113833850315456524
p87,post87,16_01_25,jan25,,,,,https://truthsocial.com/@realDonaldTrump/posts/113835342903467996
p88,post88,16_01_25,jan25,,,,,https://truthsocial.com/@realDonaldTrump/posts/113838910141234898
p89,post89,16_01_25,jan25,,,,,https://truthsocial.com/@realDonaldTrump/posts/113838910394876248
p90,post90,16_01_25,jan25,,,,,https://truthsocial.com/@realDonaldTrump/posts/113838911029899508
p91,post91,16_01_25,jan25,,,,,https://truthsocial.com/@realDonaldTrump/posts/113838912162964211
p92,post92,16_01_25,jan25,,,,,https://truthsocial.com/@realDonaldTrump/posts/113839243472952784
p93,post93,16_01_25,jan25,,,,,https://truthsocial.com/@realDonaldTrump/posts/113839799861268090
p94,post94,16_01_25,jan25,,,,,https://truthsocial.com/@realDonaldTrump/posts/113839800612338060
p95,post95,16_01_25,jan25,,,,,https://truthsocial.com/@realDonaldTrump/posts/113839801377597625
p96,post96,16_01_25,jan25,,,,,https://truthsocial.com/@realDonaldTrump/posts/113839802504691145
p97,post97,16_01_25,jan25,,,,,https://truthsocial.com/@realDonaldTrump/posts/113839802746301933
p98,post98,16_01_25,jan25,,,,,https://truthsocial.com/@realDonaldTrump/posts/113840390339817438
p99,post99,16_01_25,jan25,,,,,https://truthsocial.com/@realDonaldTrump/posts/113840390686249645
p100,post100,17_01_25,jan25,,,,,https://truthsocial.com/@realDonaldTrump/posts/113840929878704254
p101,post101,17_01_25,jan25,,,,,https://truthsocial.com/@realDonaldTrump/posts/113844165549788304
p102,post102,17_01_25,jan25,,,,,https://truthsocial.com/@realDonaldTrump/posts/113844584193010573
p103,post103,17_01_25,jan25,,,,,https://truthsocial.com/@realDonaldTrump/posts/113844745273237387
p104,post104,18_01_25,jan25,,,,,https://truthsocial.com/@realDonaldTrump/posts/113846689919960778
p105,post105,18_01_25,jan25,,,,,https://truthsocial.com/@realDonaldTrump/posts/113846888132979151
p106,post106,18_01_25,jan25,,,,,https://truthsocial.com/@realDonaldTrump/posts/113847449027767807
p107,post107,18_01_25,jan25,,,,,https://truthsocial.com/@realDonaldTrump/posts/113849594966153309
p108,post108,18_01_25,jan25,,,,,https://truthsocial.com/@realDonaldTrump/posts/113849658813199949
p109,post109,19_01_25,jan25,,,,,https://truthsocial.com/@realDonaldTrump/posts/113852861184162135
p110,post110,19_01_25,jan25,,,,,https://truthsocial.com/@realDonaldTrump/posts/113854921940858148
p111,post111,19_01_25,jan25,,,,,https://truthsocial.com/@realDonaldTrump/posts/113854984722256650
p112,post112,19_01_25,jan25,,,,,https://truthsocial.com/@realDonaldTrump/posts/113855299596698276
p113,post113,19_01_25,jan25,,,,,https://truthsocial.com/@realDonaldTrump/posts/113855616848696050
p114,post114,21_01_25,jan25,,,,,https://truthsocial.com/@realDonaldTrump/posts/113864692804149616
p115,post115,22_01_25,jan25,,,,,https://truthsocial.com/@realDonaldTrump/posts/113869112741612092
p116,post116,22_01_25,jan25,,,,,https://truthsocial.com/@realDonaldTrump/posts/113870397327465225
p117,post117,22_01_25,jan25,,,,,https://truthsocial.com/@realDonaldTrump/posts/113872782548137314
p118,post118,22_01_25,jan25,,,,,https://truthsocial.com/@realDonaldTrump/posts/113873487944418855
p119,post119,23_01_25,jan25,,,,,https://truthsocial.com/@realDonaldTrump/posts/113874735766176608
p120,post120,23_01_25,jan25,,,,,https://truthsocial.com/@realDonaldTrump/posts/113874737440816090
p121,post121,23_01_25,jan25,,,,,https://truthsocial.com/@realDonaldTrump/posts/113874738288379518
p122,post122,23_01_25,jan25,,,,,https://truthsocial.com/@realDonaldTrump/posts/113874811205486989
p123,post123,23_01_25,jan25,,,,,https://truthsocial.com/@realDonaldTrump/posts/113874843045385307
p124,post124,23_01_25,jan25,,,,,https://truthsocial.com/@realDonaldTrump/posts/113878119879850620
p125,post125,24_01_25,jan25,,,,,https://truthsocial.com/@realDonaldTrump/posts/113883512938932504
p126,post126,24_01_25,jan25,,,,,https://truthsocial.com/@realDonaldTrump/posts/113884264222871038
p127,post127,24_01_25,jan25,,,,,https://truthsocial.com/@realDonaldTrump/posts/113884268951413821
p128,post128,24_01_25,jan25,,,,,https://truthsocial.com/@realDonaldTrump/posts/113885433070959220
p129,post129,24_01_25,jan25,,,,,https://truthsocial.com/@realDonaldTrump/posts/113885585200862094
p130,post130,25_01_25,jan25,,,,,https://truthsocial.com/@realDonaldTrump/posts/113886755513227722
p131,post131,25_01_25,jan25,,,,,https://truthsocial.com/@realDonaldTrump/posts/113887487731381945
p132,post132,25_01_25,jan25,,,,,https://truthsocial.com/@realDonaldTrump/posts/113890894680713957
p133,post133,25_01_25,jan25,,,,,https://truthsocial.com/@realDonaldTrump/posts/113891423260527462
p134,post134,26_01_25,jan25,,,,,https://truthsocial.com/@realDonaldTrump/posts/113891479358660000
p135,post135,26_01_25,jan25,,,,,https://truthsocial.com/@realDonaldTrump/posts/113891609516360925
p136,post136,26_01_25,jan25,,,,,https://truthsocial.com/@realDonaldTrump/posts/113891610231810742
p137,post137,26_01_25,jan25,,,,,https://truthsocial.com/@realDonaldTrump/posts/113891875170815980
p138,post138,26_01_25,jan25,,,,,https://truthsocial.com/@realDonaldTrump/posts/113891965069994650
p139,post139,26_01_25,jan25,,,,,https://truthsocial.com/@realDonaldTrump/posts/113892028555891611
p140,post140,26_01_25,jan25,,,,,https://truthsocial.com/@realDonaldTrump/posts/113896070273857964
p141,post141,26_01_25,jan25,,,,,https://truthsocial.com/@realDonaldTrump/posts/113896658711691006
p142,post142,27_01_25,jan25,,,,,https://truthsocial.com/@realDonaldTrump/posts/113897618055963806
p143,post143,27_01_25,jan25,,,,,https://truthsocial.com/@realDonaldTrump/posts/113897833433874090
p144,post144,27_01_25,jan25,,,,,https://truthsocial.com/@realDonaldTrump/posts/113898174546866337
p145,post145,27_01_25,jan25,,,,,https://truthsocial.com/@realDonaldTrump/posts/113898250054290578
p146,post146,27_01_25,jan25,,,,,https://truthsocial.com/@realDonaldTrump/posts/113898263726281638
p147,post147,27_01_25,jan25,,,,,https://truthsocial.com/@realDonaldTrump/posts/113898278629423148
p148,post148,28_01_25,jan25,,,,,https://truthsocial.com/@realDonaldTrump/posts/113903630433895227
p149,post149,28_01_25,jan25,,,,,https://truthsocial.com/@realDonaldTrump/posts/113904028349476462
p150,post150,28_01_25,jan25,,,,,https://truthsocial.com/@realDonaldTrump/posts/113906705175756002
p151,post151,28_01_25,jan25,,,,,https://truthsocial.com/@realDonaldTrump/posts/113906848441608708
p152,post152,28_01_25,jan25,,,,,https://truthsocial.com/@realDonaldTrump/posts/113907637484810162
p153,post153,29_01_25,jan25,,,,,https://truthsocial.com/@realDonaldTrump/posts/113908666572035035
p154,post154,29_01_25,jan25,,,,,https://truthsocial.com/@realDonaldTrump/posts/113908670949354923
p155,post155,29_01_25,jan25,,,,,https://truthsocial.com/@realDonaldTrump/posts/113909188940119917
p156,post156,29_01_25,jan25,,,,,https://truthsocial.com/@realDonaldTrump/posts/113913032836526850
p157,post157,29_01_25,jan25,,,,,https://truthsocial.com/@realDonaldTrump/posts/113913720574106648
p158,post158,30_01_25,jan25,,,,,https://truthsocial.com/@realDonaldTrump/posts/113914469333231777
p159,post159,30_01_25,jan25,,,,,https://truthsocial.com/@realDonaldTrump/posts/113915617049801010
p160,post160,30_01_25,jan25,,,,,https://truthsocial.com/@realDonaldTrump/posts/113915624224794529
p161,post161,30_01_25,jan25,,,,,https://truthsocial.com/@realDonaldTrump/posts/113917721798012197
p162,post162,30_01_25,jan25,,,,,https://truthsocial.com/@realDonaldTrump/posts/113918387910784054
p163,post163,30_01_25,jan25,,,,,https://truthsocial.com/@realDonaldTrump/posts/113918402678637852
p164,post164,31_01_25,jan25,,,,,https://truthsocial.com/@realDonaldTrump/posts/113918417817363879
p165,post165,31_01_25,jan25,,,,,https://truthsocial.com/@realDonaldTrump/posts/113920366067218393
p166,post166,31_01_25,jan25,,,,,https://truthsocial.com/@realDonaldTrump/posts/113923125872343340
p167,post167,31_01_25,jan25,,,,,https://truthsocial.com/@realDonaldTrump/posts/113923147334338299
,,,,,,,,
dp,Democratic Party ,,,,1,,,
fnm,Fake News Media,,,,,,,
nopd,New Orleans Police Department,,,,,,,
ta,Trump Administration,,,,2,,,
cono,City of New Orleans,,,,,,,
cs,Criminals,,,,,,,
doj,Department of Justice,,,,,,,
fbi,Federal Bureau of Investigation,,,,,,,
cia,Central Intelligence Agency,,,,,,,
dt,Donald Trump,,,2,2,,,
jb,Joe Biden,,,2,1,,,
jp,Joe Popolo,,,2,2,,,
usg,United States Goverment,,,,,,,
bl,Benjamin Leon jr.,,,2,2,,,
ca,Cora Alvi,,,1,,,,
sb,Scott Bessent,,,2,,,,
kk,Ken Kies,,,2,,,,
ap,Alexandra Preate,,,1,,,,
hmc,Hunter McMaster,,,2,,,,
dk,Daniel Katz,,,2,,,,
ss,Samantha Schwab,,,1,,,,
usdot,United States Department of the Treasury,,,,,,,
uk,United Kingdom,,,,,,,
mj,Mike Johnson,,,2,2,,,
rp,Republican Party,,,,2,,,
jc,Jimmy Charter,,,2,1,,,
usc,United States Congress,,,,,,,
mo,Morgan Ortagus,,,1,2,,,
sw,Steven Witkoff,,,2,2,,,
rp,Roman Pipko,,,2,2,,,
tb,Tammy Bruce,,,1,2,,,
mr,Marco Rubio,,,2,2,,,
usdos,U.S. Department of State,,,,,,,
jm,Juan Merchan,,,2,,,,
ab,Alvin Bragg,,,2,1,,,
jas,Jack Smith,,,2,,,,
mp,Mark Pomerantz,,,2,1,,,
kh,Kamala Harris,,,1,1,,,
usst,US. Steel,,,,,,,
twp,2,,,,,,,
grl,Greenland,,,,,,,
dtjr,Donald Trump Jr.,,,2,,,,
rep,Representatives,,,,,,,
jnj,Joesph Nocella Jr.,,,2,,,,
edony,Eastern District of New York,,,,,,,
ccol,Christopher Columbus,,,2,,,,
g ,Gavin Newsom,,,2,,,,
bho,Beryl Howell,,,2,,,,
cali,California,,,,,,,
rmu,Rupert Murdoch,,,2,,,,
la,Los Angeles,,,,,,,
pc,Perkins Coie,,,,,,,
fema,FEMA,,,,,,,
rf,Randy Fine,,,2,2,,,
jn,John Nollte,,,2,,,,
kb,Karen Bass,,,1,,,,
mcm,María Corina Machado,,,1,,,,
vp,Venezuelan people,,,,,,,
vac,Venezuelan American community,,,,,,,
abc,ABC News,,,,,,,
dub,Dustin Burrows,,,2,,,,
grab,Greg Abbott,,,2,,,,
eg,Edmundo González,,,2,,,,
gm,Giorgia Meloni,,,2,,,,
cvh,Chris Van Hollen,,,2,,,,
jmcl,John McLaughlin,,,2,,,,
opm,Office of Personnel Management,,,,,,,
swe,Sweden,,,,,,,
gev,Gabe Evans,,,2,,,,
lj,Letitia James,,,1,,,,
wz,Warren Zeiders,,,2,,,,
wft,Washington Football Team,,,,,,,
asch,Adam Schiff,,,1,,,,
cjt,Christine Jack Toretti,,,1,,,,
msc ,Michael Scherer,,,,,,,
para,Paramount,,,,,,,
fec,Federal Election Commission,,,,,,,
isis,ISIS,,,,,,,
lt,Leo Terrell,,,2,,,,
hkd,Harmeet K. Dhillon,,,2,,,,
sb,Sam Brown,,,2,,,,
dova,"Department of Veterans Affairs
",,,,,,,
sam,American Samoa,,,,,,,
tg,Tulsi Gabbard,,,1,,,,
ussc,US Supreme Court,,,,,,,
er,Ed Russo,,,2,,,,
eatf,Environmental Advisory Task Force,,,,,,,
bdb,Bill de Blasio,,,2,,,,
lrl,Lori Lightfoot,,,1,,,,
bb,Bill Briggs,,,2,,,,
sba,Small Business Administration,,,,,,,
sgb,Steven Gill Bradbury,,,2,,,,
usdotrans,United States Department of Transportation,,,,,,,
kmc,Katharine MacGregor,,,1,,,,
usdoi,United States Department of the Interior,,,,,,,
jd,James P. Danly,,,2,,,,
usdoe,United States Department of Energy,,,,,,,
jcl,Jay Clayton,,,2,,,,
cm,Casey B. Mulligan,,,1,,,,
pl,Paul R. Lawrence,,,2,,,,
des,Deion Sanders,,,2,,,,
shs,Shedeur Sanders,,,2,,,,
whha,White House Historical Association,,,,,,,
df,David Fotouhi,,,2,,,,
epa,Environmental Protection Agency,,,,,,,
rg,Rudy Giuliani,,,2,,,,
nfl,NFL,,,,,,,
pf,Pope Francis,,,2,,,,
airf,AirForce,,,,,,,
poli,Politico,,,,,,,
amc,Andrew McKenna,,,2,,,,
sm,Seth Meyers,,,,,,,
nbc,NBC,,,,,,,
msnbc,MSNBC,,,,,,,
comc,Comcast,,,,,,,
np,Nancy Pelosi,,,1,,,,
jan6th,January 6th Select Committee,,,,,,,
wg,Wayne Gretzky,,,2,,,,
ph,Pete Hegseth,,,2,,,,
irs,Internal Revenue Service,,,,,,,
ers,External Revenue Service,,,,,,,
rds,Ron DeSantis,,,2,,,,
ks,Keith Sonderling,,,2,,,,
usdol,United States Department of Labor,,,,,,,
swa,Steve Witkoff,,,2,,,,
aa,Abraham Accords,,,2,,,,
ila,International Longshoremen's Association,,,,,,,
afnp,Americans for No Prosperity,,,,,,,
cko,Charles Koch,,,2,,,,
jbo,John Bolton,,,2,,,,
nha,Nikki Haley,,,1,,,,
mpe,Mike Pence,,,2,,,,
dch,Dick Cheney,,,2,,,,
mro,Mitt Romney,,,2,,,,
pry,Paul Ryan,,,2,,,,
mmi,Mark Milley,,,2,,,,
jma,James Mattis,,,2,,,,
mes,Mark Esper,,,2,,,,
lc,Liz Cheney,,,1,,,,
pz,Paolo Zampolli,,,1,,,,
wg,Wells Griffith,,,2,,,,
dg,Dr. Darío Gil,,,2,,,,
bw,Brandon Williams,,,2,,,,
nnsa,National Nuclear Security Administration,,,,,,,
bp,Bill Pulte,,,2,,,,
fhfa,Federal Housing Finance Agency,,,,,,,
jv,Jon Voight,,,2,,,,
mg,Mel Gibson,,,2,,,,
sys,Sylvester Stallone,,,2,,,,
hol,Hollywood,,,,,,,
cs,Chris Stallings,,,2,,,,
ll,Luke Lindberg,,,2,,,,
usdoa,United States Department of Agriculture,,,,,,,
as,Anji Sinha,,,2,,,,
ot,Olivia Trusty,,,1,,,,
fcc,Federal Communications Commission,,,,,,,
tm,Troy Mike,,,2,,,,
br ,Brain Roberts,,,2,,,,
usaf,United States Secretary of the Air Force,,,,,,,
dh,Dudley Hoskins,,,2,,,,
rf,Richard Fordyce ,,,2,,,,
mb,Michael Boren,,,2,,,,
deio,"Diversity, Equity, and Inclusion Office",,,,,,,
xj,Xi Jinping,,,2,,,,
uscap,United States Capitol,,,,,,,
coa,Capital One Arena,,,,,,,
rr,Ronald Reagan,,,2,,,,
ml,Matthew Lohmeier,,,2,,,,
trumpm,$TRUMP Meme,,,,,,,
ps,Penny Schwinn,,,1,,,,
usdoed,United States Department of Education,,,,,,,
wc,Will Cain,,,2,,,,
faf,Fox and Friends,,,,,,,
nyj,New York Judge,,,,,,,
nyc,New York Courts,,,,,,,
tt,TikTok,,,,,,,
ja,Jose Andres,,,2,,,,
bh,Brian Hook,,,2,,,,
kb,Keisha Lance Bottoms,,,1,,,,
pcsfn,"President’s Council on Sports, Fitness and Nutrition",,,,,,,
niac,National Infrastructure Advisory Council,,,,,,,
wcs,Wilson Center for Scholars,,,,,,,
pec,President’s Export Council,,,,,,,
ru,Ross William Ulbricht,,,1,,,,
lm,Libertarian Movement,,,,,,,
nb ,National Prayer Service Bishop,,,,,,,
nps,National Prayer Service ,,,,,,,
vp,Vladimir Putin,,,2,,,,
mt,Melania Trump,,,1,,,,
lbb,L. Brent Bozell III,,,1,,,,
usagm,United States Agency for Global Media,,,,,,,
ap,Andrew F. Puzder,,,,,,,
sc,Sean Curran,,,2,,,,
usss,United States Secret Service,,,,,,,
fn,Fox News,,,,,,,
sh,Sean Hannity,,,2,,,,
jvd,Jeff Van Drew,,,2,,,,
bl,Brian Lanza,,,2,,,,
jn,Jared Novelly,,,1,,,,
jp,Jimmy Patronis,,,2,,,,
gs,Gina Swoboda,,,1,,,,
azgop,Arizona GOP,,,,,,,
yt,YouTube,,,,,,,
x,X ,,,,,,,
gp,Gustavo Petro,,,2,,,,
ml,Mark Levin,,,2,,,,
kp,Katie Pavlich,,,1,,,,
jj,Jim Jordan,,,2,,,,
kcc,Kansas City Chiefs,,,,,,,
bb,Buffalo Bills,,,,,,,
mmc,Michael McDonald,,,2,,,,
jl,Joe Lombardo,,,2,,,,
nvgop,Nevada GOP,,,,,,,
usmil,United States Military,,,,,,,
ja,Jim Acosta,,,2,,,,
cnn,CNN,,,,,,,
gac,Gender Affirming Care,,,,,,,
spx,Space X,,,,,,,
em,Elon Musk,,,2,,,,
jf,Jeff Fortenberry,,,2,,,,
jpo,Jay Powell,,,2,,,,
fed,Federal Reserve,,,,,,,
bbe,Bryan Bedford,,,2,,,,
faa,Federal Aviation Administration,,,,,,,
rna,Reagan National Airport,,,,,,,
brics,BRICS Countries,,,,,,,
pm,Patrick Mahomes,,,2,,,,
bm,Brittany Mahomes,,,1,,,,
cbs,CBS,,,,,,,
smin,60 Minutes,,,,,,,
usaid,USAID,,,,,,,
cs,Chuck Schumer,,,2,,,,
ncaa,NCAA,,,,,,,
oc,Olympics Committee,,,,,,,
gs,Gadyaces Serralta,,,2,,,,
usms,United States Marshals Service,,,,,,,
tg,Tulsi Gabbard,,,2,,,,
tr,Thomas Rose,,,2,,,,
mk,Michael E. Kavoukjian,,,2,,,,
mh,Melinda Hildebrand,,,1,,,,
nm,Nicholas Merrick,,,2,,,,
kc,Kennedy Center,,,,,,,
ams,American Samoa,,,,,,,
bot,Board of Trustees,,,,,,,
rpi,Republican Party of Iowa,,,,,,,
dpxt,Dan Patrick,,,,,,,
bc,Brandon Creighton,,,,,,,
txs,Texas Senate,,,,,,,
txh,Texas House,,,,,,,
tsw,Taylor Swift,,,1,,,,
hb,Howard Brodie,,,,,,,
rg,Ric Grenell,,,2,,,,
lz,Lee Zeldin,,,1,,,,
vz,Vlaimir Zelenski,,,2,,,,
tc,Terry Cole,,,2,,,,
dea,Drug Enforcement Administration,,,,,,,
m,migrants,,,,,,,
nara,National Archives and Records Administration,,,,,,,
jby,Jim Byron,,,2,,,,
jrq,Jason Reding Quiñones,,,2,,,,
sdf,Southern District of Florida,,,,,,,
jj,John Jovanovic,,,2,,,,
exim,Export-Import Bank of the United States,,,,,,,
idleg,Idaho Legislators,,,,,,,
bl,Brad Little,,,2,,,,
bc,Brendan Carr,,,2,,,,
wys,Wyoming Senate,,,,,,,
bbt,Bo Biteman,,,2,,,,
dc,District of Columbia,,,,,,,
2,Ned Ryun,,,2,,,,
erm,Edward R. Martin Jr.,,,2,,,,
centcom,U.S. Central Command,,,,,,,
mkur,Michael Kurilla,,,2,,,,
aq,al-Qaeda,,,,,,,
kh,Kevin Hern,,,2,,,,
bt,Bennie Thompson,,,2,,,,
lg,Lindsey Graham,,,1,,,,
rs,Republican Senators,,,,,,,
man,Manhattan,,,,,,,
damac,DAMAC,,,,,,,
sb,SoftBank,,,,,,,
nyt,New York Times,,,,,,,
afd,AfD,,,,,,,
rw,Roger Williams,,,2,,,,
mwol,Michael Wolff,,,,,,,
sha,Sharyl Attkisson,,,1,,,,
ghwb,George H. W. Bush,,,2,,,,
jou,Journalist,,,,,,,
app,Apple,,,,,,,
emm,Emmanuel Macron,,,2,,,,
lm,Linda McMahon,,,1,,,,
g7,G7,,,,,,,
vr,Vivek Ramaswamy,,,2,,,,
saa,Samuel Alito,,,2,,,,
kc,Kevin Cramer,,,2,,,,
kr,Kris Cramer,,,2,,,,
tco,Tim Cook,,,2,,,,
hor,House of Representatives,,,,,,,
bma,Brian Mast,,,2,,,,
mtu,Malcolm Turnbull,,,2,,,,
mkh,Mahmoud Khalil,,,2,,,,
thm,Thomas Massie,,,2,,,,
hfc,House Freedom Caucus,,,,,,,
tsl,Tesla,,,,,,,
ak,Adam Kinzinger,,,,,,,
hou,Houthis,,,,,,,
kke,Keith Kellogg,,,2,,,,
pank,Paul Anka,,,2,,,,
slo,Scott Lombart,,,2,,,,
jp,Janet Petro,,,1,,,,
nasa,Nasa,,,,,,,
mbo,Michelle “Miki” Bowman,,,1,,,,
dni,Doug Nikolai,,,2,,,,
dcl,Dan Clark,,,2,,,,
ck,Charlie Kirk,,,2,,,,
dp,Dina Powell,,,1,,,,
usafa,United States Air Force Academy,,,,,,,
swp,South Western Pilots,,,,,,,
sd,Steve Daines,,,2,,,,
jh ,Jon Husted,,,2,,,,
nrsc,National Republican Senatorial Committee,,,,,,,
abg,Andy Biggs,,,1,,,,
wna,Walt Nauta,,,2,,,,
rja,Ronnie Jackson,,,2,,,,
ktr,Karrin Taylor Robson,,,1,,,,
dvo,Derek Van Orden,,,2,,,,
tsh,Tim Sheehy,,,2,,,,
eeh,Earl Ehrhart,,,2,,,,
usna,United States Naval Academy,,,,,,,
kag,Kilmar Abrego Garcia,,,2,,,,
dbe,David Bellavia,,,2,,,,
ua,University of Alabama,,,,,,,
jgo,Jeffrey Goldberg,,,2,,,,
nm,Narendra Modi,,,2,,,,
usma,United States Military Academy,,,,,,,
dpn,Dana Perino,,,1,,,,
bbn,Benjamin Netanyahu,,,2,,,,
dwa,Dan Walrath,,,2,,,,
mfl,Michael Flynn,,,2,,,,
ndsu,North Dakota State University,,,,,,,
whu,Wesley Hunt,,,2,,,,
chp,Charles Payne,,,2,,,,
dn ,Daniel Noboa,,,2,,,,
mba,Maureen Bannon,,,1,,,,
mmo,Meghan Mobbs,,,1,,,,
wp,West Point (United States Military Academy),,,,,,,
hb,Hunter Biden,,,2,,,,
abid,Ashley Biden,,,1,,,,
sa,South Africa,,,,,,,
atl,The Atlantic,,,,,,,
apk,Ashley Parker,,,1,,,,
msc,Michael Scherer,,,2,,,,
tzn,Tahnoon bin Zayed Al Nahyan,,,2,,,,
jhe,Jacqui Heinrich,,,1,,,,
whca,White House Correspondents' Association,,,,,,,
mwa,Michael Waltz,,,2,,,,
bsc,Brad Schimel,,,2,,,,
scr,Susan Crawford,,,1,,,,
pba,Peter Baker,,,2,,,,
sgl,Susan Glasser,,,1,,,,
jpo,Jared Polis,,,2,,,,
bo,Barack Obama,,,2,,,,
gfo,George Foreman,,,2,,,,
tda,Tren de Aragua,,,,,,,
ah,Alina Habba,,,1,,,,
prk,Pete Ricketts,,,2,,,,
dos,Dan Obsorn,,,2,,,,
jg,John Giordano,,,2,,,,
sp,Scott Perry,,,2,,,,
dhs,Department of Homelandsecruity,,,,,,,
es,Elise Stefanik,,,1,,,,
jlo,Jeremy London,,,2,,,,
ondcp,Office of National Drug Control Policy,,,,,,,
sac,Sara Carter,,,1,,,,
aj,Andrew Jackson,,,2,,,,
nps,National Park Service,,,,,,,
tmc,Thomas M. Cerabino,,,2,,,,
tka,Tim Kaine,,,2,,,,
mcart,Mexican drug cartels,,,,,,,
wfg,Willkie Farr & Gallagher LLP,,,,,,,
mwk,Mark Walker,,,2,,,,
yk,Yehuda Kaploun,,,2,,,,
,Brooke Rollins,,,1,,,,
tcr,bro,,,2,,,,
sd,Sean Duffy,,,2,,,,
cwt,Cadwalader Wickersham & Taft LLP,,,,,,,
pq,Patrick Quinn,,,2,,,,
wbm,William “Billy” Marshall III,,,2,,,,
dm,Douglas Murray,,,2,,,,
g20,G20,,,,,,,
rmc,Rory McIlroy,,,2,,,,
nvda,NVIDIA,,,,,,,
rmor,Rachel Morin,,,1,,,,
harv,Harvard,,,,,,,
boe,Boeing ,,,,,,,
eg,Evan Greenberg,,,2,,,,
bfe,Bob Fenton,,,2,,,,
rcs,Rosie Cordero-Stutz,,,1,,,,
nk,W. Nim Kidd,,,2,,,,
kg,Kevin Guthrie,,,2,,,,
phb,Phil Bryant,,,2,,,,
jca,Jane Castor,,,2,,,,
mco,Mark Cooper,,,2,,,,
gy,Glenn Youngkin,,,1,,,,
kel,Kirkland & Ellis LLP,,,,,,,
aoss,Allen Overy Shearman Sterling US LLP,,,,,,,
stb,Simpson Thacher & Bartlett LLP,,,,,,,
lww,Latham & Watkins LLP,,,,,,,
eeoc,Equal Employment Opportunity Commission,,,,,,,
rmt,Richard M. Trobman,,,2,,,,
almi,Alden Millard,,,2,,,,
khga,Khalid Garousha,,,2,,,,
jabi,Jon A. Ballis,,,2,,,,
,,,,,,,,
p168,post168,01_02_25,feb25,,,,,https://truthsocial.com/@realDonaldTrump/posts/113925591427889253
p169,post169,01_02_25,feb25,,,,,https://truthsocial.com/@realDonaldTrump/posts/113925656710541132
p170,post170,01_02_25,feb25,,,,,https://truthsocial.com/@realDonaldTrump/posts/113925800748181952
p171,post171,01_02_25,feb25,,,,,https://truthsocial.com/@realDonaldTrump/posts/113925824938962217
p172,post172,01_02_25,feb25,,,,,https://truthsocial.com/@realDonaldTrump/posts/113926164813266216
p173,post173,01_02_25,feb25,,,,,https://truthsocial.com/@realDonaldTrump/posts/113928743830963167
p174,post174,01_02_25,feb25,,,,,https://truthsocial.com/@realDonaldTrump/posts/113928759847321475
p175,post175,01_02_25,feb25,,,,,https://truthsocial.com/@realDonaldTrump/posts/113929394841474581
p176,post176,01_02_25,feb25,,,,,https://truthsocial.com/@realDonaldTrump/posts/113929767736564719
p177,post177,01_02_25,feb25,,,,,https://truthsocial.com/@realDonaldTrump/posts/113931044424714413
p178,post178,02_02_25,feb25,,,,,https://truthsocial.com/@realDonaldTrump/posts/113934450227067577
p179,post179,02_02_25,feb25,,,,,https://truthsocial.com/@realDonaldTrump/posts/113934520197790682
p180,post180,02_02_25,feb25,,,,,https://truthsocial.com/@realDonaldTrump/posts/113936675328110177
p181,post181,02_02_25,feb25,,,,,https://truthsocial.com/@realDonaldTrump/posts/113936759417845784
p182,post182,03_02_25,feb25,,,,,https://truthsocial.com/@realDonaldTrump/posts/113936851614563699
p183,post183,03_02_25,feb25,,,,,https://truthsocial.com/@realDonaldTrump/posts/113936897719370915
p184,post184,03_02_25,feb25,,,,,https://truthsocial.com/@realDonaldTrump/posts/113936920653240968
p185,post185,03_02_25,feb25,,,,,https://truthsocial.com/@realDonaldTrump/posts/113940352024494275
p186,post186,03_02_25,feb25,,,,,https://truthsocial.com/@realDonaldTrump/posts/113940711907400754
p187,post187,03_02_25,feb25,,,,,https://truthsocial.com/@realDonaldTrump/posts/113942189236610107
p188,post188,03_02_25,feb25,,,,,https://truthsocial.com/@realDonaldTrump/posts/113942323439724379
p189,post189,04_02_25,feb25,,,,,https://truthsocial.com/@realDonaldTrump/posts/113942439882594659
p190,post190,04_02_25,feb25,,,,,https://truthsocial.com/@realDonaldTrump/posts/113942594933209212
p191,post191,04_02_25,feb25,,,,,https://truthsocial.com/@realDonaldTrump/posts/113942595408214881
p192,post192,04_02_25,feb25,,,,,https://truthsocial.com/@realDonaldTrump/posts/113942916893223583
p193,post193,04_02_25,feb25,,,,,https://truthsocial.com/@realDonaldTrump/posts/113943087759847311
p194,post194,04_02_25,feb25,,,,,https://truthsocial.com/@realDonaldTrump/posts/113943147684253813
p195,post195,04_02_25,feb25,,,,,https://truthsocial.com/@realDonaldTrump/posts/113946130240319294
p196,post196,04_02_25,feb25,,,,,https://truthsocial.com/@realDonaldTrump/posts/113946642879077926
p197,post197,05_02_25,feb25,,,,,https://truthsocial.com/@realDonaldTrump/posts/113950850150588744
p198,post198,05_02_25,feb25,,,,,https://truthsocial.com/@realDonaldTrump/posts/113950912959049223
p199,post199,05_02_25,feb25,,,,,https://truthsocial.com/@realDonaldTrump/posts/113950996936674770
p200,post200,05_02_25,feb25,,,,,https://truthsocial.com/@realDonaldTrump/posts/113952321517471694
p201,post201,05_02_25,feb25,,,,,https://truthsocial.com/@realDonaldTrump/posts/113952325584416831
p202,post202,05_02_25,feb25,,,,,https://truthsocial.com/@realDonaldTrump/posts/113953378000128712
p203,post203,05_02_25,feb25,,,,,https://truthsocial.com/@realDonaldTrump/posts/113953380137889976
p204,post204,05_02_25,feb25,,,,,https://truthsocial.com/@realDonaldTrump/posts/113953424718890288
p205,post205,06_02_25,feb25,,,,,https://truthsocial.com/@realDonaldTrump/posts/113955337256027963
p206,post206,06_02_25,feb25,,,,,https://truthsocial.com/@realDonaldTrump/posts/113956631326391344
p207,post207,06_02_25,feb25,,,,,https://truthsocial.com/@realDonaldTrump/posts/113956721204228037
p208,post208,06_02_25,feb25,,,,,https://truthsocial.com/@realDonaldTrump/posts/113956778707659340
p209,post209,06_02_25,feb25,,,,,https://truthsocial.com/@realDonaldTrump/posts/113958043346651690
p210,post210,06_02_25,feb25,,,,,https://truthsocial.com/@realDonaldTrump/posts/113958047997367769
p211,post211,06_02_25,feb25,,,,,https://truthsocial.com/@realDonaldTrump/posts/113959311319434685
p212,post212,06_02_25,feb25,,,,,https://truthsocial.com/@realDonaldTrump/posts/113959311791400230
p213,post213,06_02_25,feb25,,,,,https://truthsocial.com/@realDonaldTrump/posts/113959376894602189
p214,post214,06_02_25,feb25,,,,,https://truthsocial.com/@realDonaldTrump/posts/113959378194447457
p215,post215,06_02_25,feb25,,,,,https://truthsocial.com/@realDonaldTrump/posts/113959420733046049
p216,post216,07_02_25,feb25,,,,,https://truthsocial.com/@realDonaldTrump/posts/113959429103008524
p217,post217,07_02_25,feb25,,,,,https://truthsocial.com/@realDonaldTrump/posts/113959430611091391
p218,post218,07_02_25,feb25,,,,,https://truthsocial.com/@realDonaldTrump/posts/113962698098343227
p219,post219,07_02_25,feb25,,,,,https://truthsocial.com/@realDonaldTrump/posts/113962763765213252
p220,post220,07_02_25,feb25,,,,,https://truthsocial.com/@realDonaldTrump/posts/113963085497636545
p221,post221,07_02_25,feb25,,,,,https://truthsocial.com/@realDonaldTrump/posts/113963121926787410
p222,post222,07_02_25,feb25,,,,,https://truthsocial.com/@realDonaldTrump/posts/113963246096886557
p223,post223,07_02_25,feb25,,,,,https://truthsocial.com/@realDonaldTrump/posts/113964402116790805
p224,post224,07_02_25,feb25,,,,,https://truthsocial.com/@realDonaldTrump/posts/113964959500715895
p225,post225,07_02_25,feb25,,,,,https://truthsocial.com/@realDonaldTrump/posts/113964964253376658
p226,post226,08_02_25,feb25,,,,,https://truthsocial.com/@realDonaldTrump/posts/113965169045323865
p227,post227,08_02_25,feb25,,,,,https://truthsocial.com/@realDonaldTrump/posts/113966421487800920
p228,post228,08_02_25,feb25,,,,,https://truthsocial.com/@realDonaldTrump/posts/113968217842034212
p229,post229,08_02_25,feb25,,,,,https://truthsocial.com/@realDonaldTrump/posts/113968248204804564
p230,post230,08_02_25,feb25,,,,,https://truthsocial.com/@realDonaldTrump/posts/113969768086301747
p231,post231,09_02_25,feb25,,,,,https://truthsocial.com/@realDonaldTrump/posts/113974251046470821
p232,post232,09_02_25,feb25,,,,,https://truthsocial.com/@realDonaldTrump/posts/113974252831717932
p233,post233,09_02_25,feb25,,,,,https://truthsocial.com/@realDonaldTrump/posts/113975695512840158
p234,post234,10_02_25,feb25,,,,,https://truthsocial.com/@realDonaldTrump/posts/113977224933701762
p235,post235,10_02_25,feb25,,,,,https://truthsocial.com/@realDonaldTrump/posts/113977646169606601
p236,post236,10_02_25,feb25,,,,,https://truthsocial.com/@realDonaldTrump/posts/113977651409141894
p237,post237,10_02_25,feb25,,,,,https://truthsocial.com/@realDonaldTrump/posts/113980013020158273
p238,post238,10_02_25,feb25,,,,,https://truthsocial.com/@realDonaldTrump/posts/113980014678337654
p239,post239,10_02_25,feb25,,,,,https://truthsocial.com/@realDonaldTrump/posts/113981387327065544
p240,post240,10_02_25,feb25,,,,,https://truthsocial.com/@realDonaldTrump/posts/113981872435350592
p241,post241,11_02_25,feb25,,,,,https://truthsocial.com/@realDonaldTrump/posts/1139822515178648
p242,post242,11_02_25,feb25,,,,,https://truthsocial.com/@realDonaldTrump/posts/113982206998719178
p243,post243,11_02_25,feb25,,,,,https://truthsocial.com/@realDonaldTrump/posts/113984838325525572
p244,post244,11_02_25,feb25,,,,,https://truthsocial.com/@realDonaldTrump/posts/113984899512098104
p245,post245,11_02_25,feb25,,,,,https://truthsocial.com/@realDonaldTrump/posts/113984933641128955
p246,post246,11_02_25,feb25,,,,,https://truthsocial.com/@realDonaldTrump/posts/113985130949178184
p247,post247,11_02_25,feb25,,,,,https://truthsocial.com/@realDonaldTrump/posts/113985325416343873
p248,post248,11_02_25,feb25,,,,,https://truthsocial.com/@realDonaldTrump/posts/113985896471994837
p249,post249,11_02_25,feb25,,,,,https://truthsocial.com/@realDonaldTrump/posts/113985962341531654
p250,post250,11_02_25,feb25,,,,,https://truthsocial.com/@realDonaldTrump/posts/113986279826269375
p251,post251,11_02_25,feb25,,,,,https://truthsocial.com/@realDonaldTrump/posts/113986285138546896
p252,post252,12_02_25,feb25,,,,,https://truthsocial.com/@realDonaldTrump/posts/113988982619953735
p253,post253,12_02_25,feb25,,,,,https://truthsocial.com/@realDonaldTrump/posts/113991030846598649
p254,post254,12_02_25,feb25,,,,,https://truthsocial.com/@realDonaldTrump/posts/113991086021543780
p255,post255,12_02_25,feb25,,,,,https://truthsocial.com/@realDonaldTrump/posts/113991088208672350
p256,post256,12_02_25,feb25,,,,,https://truthsocial.com/@realDonaldTrump/posts/113991292104953657
p257,post257,12_02_25,feb25,,,,,https://truthsocial.com/@realDonaldTrump/posts/113991956474899296
p258,post258,12_02_25,feb25,,,,,https://truthsocial.com/@realDonaldTrump/posts/113992264519415084
p259,post259,12_02_25,feb25,,,,,https://truthsocial.com/@realDonaldTrump/posts/113992617804848860
p260,post260,13_02_25,feb25,,,,,https://truthsocial.com/@realDonaldTrump/posts/113996222032466903
p261,post261,13_02_25,feb25,,,,,https://truthsocial.com/@realDonaldTrump/posts/113996386971796071
p262,post262,13_02_25,feb25,,,,,https://truthsocial.com/@realDonaldTrump/posts/113996410955252842
p263,post263,13_02_25,feb25,,,,,https://truthsocial.com/@realDonaldTrump/posts/113996433848678436
p264,post264,13_02_25,feb25,,,,,https://truthsocial.com/@realDonaldTrump/posts/113996895642654410
p265,post265,13_02_25,feb25,,,,,https://truthsocial.com/@realDonaldTrump/posts/113998250121701192
p266,post266,13_02_25,feb25,,,,,https://truthsocial.com/@realDonaldTrump/posts/113998953188726976
p267,post267,15_02_25,feb25,,,,,https://truthsocial.com/@realDonaldTrump/posts/114007859463769499
p268,post268,15_02_25,feb25,,,,,https://truthsocial.com/@realDonaldTrump/posts/114009175266247925
p269,post269,15_02_25,feb25,,,,,https://truthsocial.com/@realDonaldTrump/posts/114009179225169296
p270,post270,16_02_25,feb25,,,,,https://truthsocial.com/@realDonaldTrump/posts/114014567906020636
p271,post271,16_02_25,feb25,,,,,https://truthsocial.com/@realDonaldTrump/posts/114015151574566832
p272,post272,16_02_25,feb25,,,,,https://truthsocial.com/@realDonaldTrump/posts/114015151894861058
p273,post273,16_02_25,feb25,,,,,https://truthsocial.com/@realDonaldTrump/posts/114015154260594234
p274,post274,16_02_25,feb25,,,,,https://truthsocial.com/@realDonaldTrump/posts/114015581630558522
p275,post275,16_02_25,feb25,,,,,https://truthsocial.com/@realDonaldTrump/posts/114015582241142234
p276,post276,16_02_25,feb25,,,,,https://truthsocial.com/@realDonaldTrump/posts/114015585700941084
p277,post277,17_02_25,feb25,,,,,https://truthsocial.com/@realDonaldTrump/posts/114019501223546266
p278,post278,17_02_25,feb25,,,,,https://truthsocial.com/@realDonaldTrump/posts/114020008419550279
p279,post279,18_02_25,feb25,,,,,https://truthsocial.com/@realDonaldTrump/posts/114022760519424165
p280,post280,18_02_25,feb25,,,,,https://truthsocial.com/@realDonaldTrump/posts/114025028025455053
p281,post281,19_02_25,feb25,,,,,https://truthsocial.com/@realDonaldTrump/posts/114027416242272061
p282,post282,19_02_25,feb25,,,,,https://truthsocial.com/@realDonaldTrump/posts/114027416979768016
p283,post283,19_02_25,feb25,,,,,https://truthsocial.com/@realDonaldTrump/posts/114031015354735395
p284,post284,19_02_25,feb25,,,,,https://truthsocial.com/@realDonaldTrump/posts/114031332924234939
p285,post285,19_02_25,feb25,,,,,https://truthsocial.com/@realDonaldTrump/posts/114032082899254855
p286,post286,19_02_25,feb25,,,,,https://truthsocial.com/@realDonaldTrump/posts/114032992368318528
p287,post287,19_02_25,feb25,,,,,https://truthsocial.com/@realDonaldTrump/posts/114033020482640722
p288,post288,20_02_25,feb25,,,,,https://truthsocial.com/@realDonaldTrump/posts/114033082612679343
p289,post289,20_02_25,feb25,,,,,https://truthsocial.com/@realDonaldTrump/posts/114033884590103594
p290,post290,20_02_25,feb25,,,,,https://truthsocial.com/@realDonaldTrump/posts/114036341536036183
p291,post291,20_02_25,feb25,,,,,https://truthsocial.com/@realDonaldTrump/posts/114036421460956478
p292,post292,20_02_25,feb25,,,,,https://truthsocial.com/@realDonaldTrump/posts/114036638899167319
p293,post293,21_02_25,feb25,,,,,https://truthsocial.com/@realDonaldTrump/posts/114038732409625780
p294,post294,21_02_25,feb25,,,,,https://truthsocial.com/@realDonaldTrump/posts/114038745707654586
p295,post295,21_02_25,feb25,,,,,https://truthsocial.com/@realDonaldTrump/posts/114038780132459435
p296,post296,21_02_25,feb25,,,,,https://truthsocial.com/@realDonaldTrump/posts/114042361686358877
p297,post297,22_02_25,feb25,,,,,https://truthsocial.com/@realDonaldTrump/posts/114044712489265353
p298,post298,22_02_25,feb25,,,,,https://truthsocial.com/@realDonaldTrump/posts/114047631828196314
p299,post299,22_02_25,feb25,,,,,https://truthsocial.com/@realDonaldTrump/posts/114047677181856301
p300,post300,22_02_25,feb25,,,,,https://truthsocial.com/@realDonaldTrump/posts/114047709471578461
p301,post301,22_02_25,feb25,,,,,https://truthsocial.com/@realDonaldTrump/posts/114047718263615731
p302,post302,22_02_25,feb25,,,,,https://truthsocial.com/@realDonaldTrump/posts/114047738854261552
p303,post303,23_02_25,feb25,,,,,https://truthsocial.com/@realDonaldTrump/posts/114050070794885064
p304,post304,23_02_25,feb25,,,,,https://truthsocial.com/@realDonaldTrump/posts/114050109943745892
p305,post305,23_02_25,feb25,,,,,https://truthsocial.com/@realDonaldTrump/posts/114054706390970120
p306,post306,23_02_25,feb25,,,,,https://truthsocial.com/@realDonaldTrump/posts/114055134407375955
p307,post307,23_02_25,feb25,,,,,https://truthsocial.com/@realDonaldTrump/posts/114055226421032415
p308,post308,24_02_25,feb25,,,,,https://truthsocial.com/@realDonaldTrump/posts/114056119584695591
p309,post309,24_02_25,feb25,,,,,https://truthsocial.com/@realDonaldTrump/posts/114056317037035302
p310,post310,24_02_25,feb25,,,,,https://truthsocial.com/@realDonaldTrump/posts/114056351439814038
p311,post311,24_02_25,feb25,,,,,https://truthsocial.com/@realDonaldTrump/posts/114056934528746786
p312,post312,24_02_25,feb25,,,,,https://truthsocial.com/@realDonaldTrump/posts/114059004456970017
p313,post313,24_02_25,feb25,,,,,https://truthsocial.com/@realDonaldTrump/posts/114059930426328863
p314,post314,24_02_25,feb25,,,,,https://truthsocial.com/@realDonaldTrump/posts/114060603767862225
p315,post315,24_02_25,feb25,,,,,https://truthsocial.com/@realDonaldTrump/posts/114060903128542394
p316,post316,24_02_25,feb25,,,,,https://truthsocial.com/@realDonaldTrump/posts/114060909744642044
p317,post317,25_02_25,feb25,,,,,https://truthsocial.com/@realDonaldTrump/posts/114061816777959152
p318,post318,25_02_25,feb25,,,,,https://truthsocial.com/@realDonaldTrump/posts/114062254652077484
p319,post319,26_02_25,feb25,,,,,https://truthsocial.com/@realDonaldTrump/posts/114067028336826956
p320,post320,26_02_25,feb25,,,,,https://truthsocial.com/@realDonaldTrump/posts/114067029529937308
p321,post321,26_02_25,feb25,,,,,https://truthsocial.com/@realDonaldTrump/posts/114068079034540790
p322,post322,26_02_25,feb25,,,,,https://truthsocial.com/@realDonaldTrump/posts/114068081809400335
p323,post323,26_02_25,feb25,,,,,https://truthsocial.com/@realDonaldTrump/posts/114070038526458197
p324,post324,26_02_25,feb25,,,,,https://truthsocial.com/@realDonaldTrump/posts/114070115148185478
p325,post325,26_02_25,feb25,,,,,https://truthsocial.com/@realDonaldTrump/posts/114070315739588346
p326,post326,26_02_25,feb25,,,,,https://truthsocial.com/@realDonaldTrump/posts/114070560562637397
p327,post327,26_02_25,feb25,,,,,https://truthsocial.com/@realDonaldTrump/posts/114070572392915582
p328,post328,26_02_25,feb25,,,,,https://truthsocial.com/@realDonaldTrump/posts/114070612892953565
p329,post329,26_02_25,feb25,,,,,https://truthsocial.com/@realDonaldTrump/posts/114070882108433827
p330,post330,26_02_25,feb25,,,,,https://truthsocial.com/@realDonaldTrump/posts/114071774104516883
p331,post331,26_02_25,feb25,,,,,https://truthsocial.com/@realDonaldTrump/posts/114071839130050988
p332,post332,26_02_25,feb25,,,,,https://truthsocial.com/@realDonaldTrump/posts/114071862189521640
p333,post333,26_02_25,feb25,,,,,https://truthsocial.com/@realDonaldTrump/posts/114071877790872450
p334,post334,26_02_25,feb25,,,,,https://truthsocial.com/@realDonaldTrump/posts/114071893306050761
p335,post335,27_02_25,feb25,,,,,https://truthsocial.com/@realDonaldTrump/posts/114072703621092444
p336,post336,27_02_25,feb25,,,,,https://truthsocial.com/@realDonaldTrump/posts/114076153524132682
p337,post337,28_02_25,feb25,,,,,https://truthsocial.com/@realDonaldTrump/posts/114079183066806657
p338,post338,28_02_25,feb25,,,,,https://truthsocial.com/@realDonaldTrump/posts/114079183960044080
p339,post339,28_02_25,feb25,,,,,https://truthsocial.com/@realDonaldTrump/posts/114079187160409658
p340,post340,28_02_25,feb25,,,,,https://truthsocial.com/@realDonaldTrump/posts/114079208701433194
p341,post341,28_02_25,feb25,,,,,https://truthsocial.com/@realDonaldTrump/posts/114082877976878390
,,,,,,,,
bbl,Benjamin Black,,,2,,,,
dfc,United States International Development Finance Corporation,,,,,,,
elc,Ellie Cohanim,,,1,,,,
pf,Phill Flynn,,,2,,,,
tren,Tren de Aragua,,,,,,,
usmil,United States Military,,,,,,,
isis,ISIS,,,,,,,
pent,Pentagon,,,,,,,
jk,Joe Kent,,,2,,,,
nctc,National Counter Terrorism Center,,,,,,,
hc,Hillsborough County,,,,,,,
fp,Florida Panthers,,,,,,,
wh,White House,,,,,,,
rfkj,Robert F. Kennedy Jr.,,,2,,,,
tw,Tiger Woods,,,2,,,,
kw,Kultida Woods,,,1,,,,
dvo,Derrick Van Orden,,,2,,,,
pb,Pam Bondi,,,1,,,,
er,Eugene Robinson,,,2,,,,
jk,Jeff Kaufmann,,,2,,,,
reu,Reuters,,,,,,,
brb,Bret Baier,,,,,,,
jth,John Thune,,,2,,,,
,rpa,,,2,,,,
bd,Byron Donalds,,,2,,,,
mm,Meshawn Maddock,,,2,,,,
jca,James Carville,,,2,,,,
ltr,Lara Trump,,,1,,,,
etr,Eric Trump,,,2,,,,
mw,Michael Whatley,,,2,,,,
db,Dan Bongino,,,2,,,,
kp,Kash Patel,,,1,,,,
nypd,New York Police Department,,,,,,,
uss,US Secret Service,,,,,,,
pbo,Paula Bongino,,,1,,,,
br ,Brian Roberts,,,2,,,,
jr,Joy Reid,,,1,,,,
aw,Alex Wagner,,,2,,,,
rm,Rachel Maddow,,,1,,,,
as,Al Sharpton,,,2,,,,
tt,Tommy Tuberville,,,,,,,
rgt,Rosie Grace Tuberville,,,,,,,
sen,Senate,,,,,,,
nm,Nicolás Maduro,,,2,,,,
pd,Paul Dabbar,,,2,,,,
hc,Hung Cao,,,,,,,
rnc,Republican National Committee,,,,,,,
pr,Pete Rose,,,2,,,,
hrm,H. R. McMaster,,,2,,,,
mbo,Muriel Bowser,,,,,,,
jro,John Roberts,,,2,,,,
csh,Claudia Sheinbaum,,,1,,,,
ag,Amer Ghalib,,,1,,,,
dbu,Duke Buchan,,,1,,,,
lb,Lynda Blanchard,,,1,,,,
mi,Michel Issa,,,2,,,,
li,Laura Ingraham,,,1,,,,
mab,Maria Bartiromo,,,,,,,
wn ,Walt Nauta,,,,,,,
ssp,Sean Spicer	,,,,,,,
rj,Ronny Jackson,,,,,,,
usna,United States Naval Academy,,,,,,,
mmar,Micheál Martin,,,2,,,,
mwm,Markwayne Mullin,,,2,,,,
cc,Caitlin Collins,,,1,,,,
jri,Jim Risch,,,2,,,,
sfrc,Senate Foreign Relations Committee,,,,,,,
pw,"Paul, Weiss, Rifkind, Wharton & Garrison LLP",,,,,,,
bka,Brad Karp,,,2,,,,
mpo,Mark Pomerantz,,,2,,,,
jbo,James Boasberg,,,2,,,,
mde,Miranda Devine,,,1,,,,
nyp,New York Post,,,,,,,
mha,Maggie Haberman,,,1,,,,
jmi,Janet Mills,,,1,,,,
truths,TruthSocial,,,,,,,
ced,Chuck Edwards,,,2,,,,
sm,Susan Monarez,,,1,,,,
brb,Brandon Beach,,,2,,,,
bh,Bill Hagerty,,,2,,,,
jmg,John McGuire,,,2,,,,
chs,Cindy Hyde-Smith,,,1,,,,
cl,Cynthia Lummis,,,1,,,,
nyc,New York Courts,,,,,,,
npr,NPR,,,,,,,
pbs,PBS,,,,,,,
th,Tom Homan,,,2,,,,
kn,Kristi Noem,,,1,,,,
ms13,MS13,,,,,,,
sta,Stacey Abrams,,,1,,,,
mca,Mark Carney,,,2,,,,
mbr,Mark Brnovich,,,2,,,,
ast,Alexander Stubb,,,2,,,,
gpl,Gary Player,,,2,,,,
tgo,Trey Gowdy,,,2,,,,
kw,Kristen Welker,,,1,,,,
kst,Keir Starmer,,,2,,,,
kro,Kid Rock,,,2,,,,
bma,Bill Maher,,,2,,,,
dw,Dana White,,,1,,,,
nbu,Nayib Bukele,,,2,,,,
aeb,Abdel Fattah el-Sisi,,,2,,,,
mmc,Mitch McConnell,,,2,,,,
sco,Susan Collins,,,2,,,,
lmu,Lisa Murkowski,,,1,,,,
tla,To Lam,,,2,,,,
jpw,Jerome Powell,,,2,,,,
ecb,ECB,,,,,,,
dc,Daniel Caine,,,1,,,,
mle,Marine Le Pen,,,1,,,,
nei,Norm Eisen,,,2,,,,
awe,Andrew Weissmann,,,2,,,,
lmo,Lisa Monaco,,,2,,,,
frp,French People,,,,,,,
bbz,Bill Bazzi,,,2,,,,
dht,Dearborn Heights,,,,,,,
mgd,Michael George DeSombre,,,,,,,
,,,,,,,,
März ,,,,,,,,
p342,post342,01_03_25,mar25,,,,,https://truthsocial.com/@realDonaldTrump/posts/114084241095787137
p343,post343,01_03_25,mar25,,,,,https://truthsocial.com/@realDonaldTrump/posts/114085325641437111
p344,post344,01_03_25,mar25,,,,,https://truthsocial.com/@realDonaldTrump/posts/114088564162922800
p345,post345,02_03_25,mar25,,,,,https://truthsocial.com/@realDonaldTrump/posts/114093526901586124
p346,post346,02_03_25,mar25,,,,,https://truthsocial.com/@realDonaldTrump/posts/114094872007717497
p347,post347,02_03_25,mar25,,,,,https://truthsocial.com/@realDonaldTrump/posts/114096103832487629
p348,post348,03_03_25,mar25,,,,,https://truthsocial.com/@realDonaldTrump/posts/114096104536926329
p349,post349,03_03_25,mar25,,,,,https://truthsocial.com/@realDonaldTrump/posts/114096106742782827
p350,post350,03_03_25,mar25,,,,,https://truthsocial.com/@realDonaldTrump/posts/114098529870362771
p351,post351,03_03_25,mar25,,,,,https://truthsocial.com/@realDonaldTrump/posts/114099009721475492
p352,post352,03_03_25,mar25,,,,,https://truthsocial.com/@realDonaldTrump/posts/114099480566604857
p353,post353,03_03_25,mar25,,,,,https://truthsocial.com/@realDonaldTrump/posts/114099924838350231
p354,post354,03_03_25,mar25,,,,,https://truthsocial.com/@realDonaldTrump/posts/114099930171583950
p355,post355,04_03_25,mar25,,,,,https://truthsocial.com/@realDonaldTrump/posts/114104167452161158
p356,post356,04_03_25,mar25,,,,,https://truthsocial.com/@realDonaldTrump/posts/114104687765298529
p357,post357,04_03_25,mar25,,,,,https://truthsocial.com/@realDonaldTrump/posts/114104810698249053
p358,post358,04_03_25,mar25,,,,,https://truthsocial.com/@realDonaldTrump/posts/114105388432604284
p359,post359,05_03_25,mar25,,,,,https://truthsocial.com/@realDonaldTrump/posts/114111155189097825
p360,post360,05_03_25,mar25,,,,,https://truthsocial.com/@realDonaldTrump/posts/114111166145299229
p361,post361,05_03_25,mar25,,,,,https://truthsocial.com/@realDonaldTrump/posts/114112015891353323
p362,post362,06_03_25,mar25,,,,,https://truthsocial.com/@realDonaldTrump/posts/114112412110386906
p363,post363,06_03_25,mar25,,,,,https://truthsocial.com/@realDonaldTrump/posts/114112430549537723
p364,post364,06_03_25,mar25,,,,,https://truthsocial.com/@realDonaldTrump/posts/114112621570651215
p365,post365,06_03_25,mar25,,,,,https://truthsocial.com/@realDonaldTrump/posts/114113510529624746
p366,post366,06_03_25,mar25,,,,,https://truthsocial.com/@realDonaldTrump/posts/114116116851075814
p367,post367,06_03_25,mar25,,,,,https://truthsocial.com/@realDonaldTrump/posts/114116271026986660
p368,post368,06_03_25,mar25,,,,,https://truthsocial.com/@realDonaldTrump/posts/114116432894994278
p369,post369,06_03_25,mar25,,,,,https://truthsocial.com/@realDonaldTrump/posts/114117008305421663
p370,post370,07_03_25,mar25,,,,,https://truthsocial.com/@realDonaldTrump/posts/114121529754059509
p371,post371,07_03_25,mar25,,,,,https://truthsocial.com/@realDonaldTrump/posts/114121576367163341
p372,post372,07_03_25,mar25,,,,,https://truthsocial.com/@realDonaldTrump/posts/114121736384220932
p373,post373,08_03_25,mar25,,,,,https://truthsocial.com/@realDonaldTrump/posts/114124063031303446
p374,post374,08_03_25,mar25,,,,,https://truthsocial.com/@realDonaldTrump/posts/114124064191342023
p375,post375,08_03_25,mar25,,,,,https://truthsocial.com/@realDonaldTrump/posts/114124068976645988
p376,post376,08_03_25,mar25,,,,,https://truthsocial.com/@realDonaldTrump/posts/114124069701923303
p377,post377,08_03_25,mar25,,,,,https://truthsocial.com/@realDonaldTrump/posts/114124070435213204
p378,post378,08_03_25,mar25,,,,,https://truthsocial.com/@realDonaldTrump/posts/114124071552960368
p379,post379,08_03_25,mar25,,,,,https://truthsocial.com/@realDonaldTrump/posts/114124499360504090
p380,post380,08_03_25,mar25,,,,,https://truthsocial.com/@realDonaldTrump/posts/114128213945115106
p381,post381,08_03_25,mar25,,,,,https://truthsocial.com/@realDonaldTrump/posts/114129217070412961
p382,post382,09_03_25,mar25,,,,,https://truthsocial.com/@realDonaldTrump/posts/114132050804394743
p383,post383,10_03_25,mar25,,,,,https://truthsocial.com/@realDonaldTrump/posts/114135068157531979
p384,post384,10_03_25,mar25,,,,,https://truthsocial.com/@realDonaldTrump/posts/114135377964485025
p385,post385,10_03_25,mar25,,,,,https://truthsocial.com/@realDonaldTrump/posts/114135383571986279
p386,post386,10_03_25,mar25,,,,,https://truthsocial.com/@realDonaldTrump/posts/114135388919019484
p387,post387,10_03_25,mar25,,,,,https://truthsocial.com/@realDonaldTrump/posts/114135394676135924
p388,post388,10_03_25,mar25,,,,,https://truthsocial.com/@realDonaldTrump/posts/114135400416790297
p389,post389,10_03_25,mar25,,,,,https://truthsocial.com/@realDonaldTrump/posts/114135406628804244
p390,post390,10_03_25,mar25,,,,,https://truthsocial.com/@realDonaldTrump/posts/114135672415463032
p391,post391,10_03_25,mar25,,,,,https://truthsocial.com/@realDonaldTrump/posts/114135887529701366
p392,post392,10_03_25,mar25,,,,,https://truthsocial.com/@realDonaldTrump/posts/114139222625284782
p393,post393,11_03_25,mar25,,,,,https://truthsocial.com/@realDonaldTrump/posts/114141533823019998
p394,post394,11_03_25,mar25,,,,,https://truthsocial.com/@realDonaldTrump/posts/114141631976318293
p395,post395,11_03_25,mar25,,,,,https://truthsocial.com/@realDonaldTrump/posts/114141854575248527
p396,post396,11_03_25,mar25,,,,,https://truthsocial.com/@realDonaldTrump/posts/114144217763824399
p397,post397,11_03_25,mar25,,,,,https://truthsocial.com/@realDonaldTrump/posts/114144501101999196
p398,post398,11_03_25,mar25,,,,,https://truthsocial.com/@realDonaldTrump/posts/114144896693695214
p399,post399,11_03_25,mar25,,,,,https://truthsocial.com/@realDonaldTrump/posts/114145595237667373
p400,post400,11_03_25,mar25,,,,,https://truthsocial.com/@realDonaldTrump/posts/114145604547078768
p401,post401,11_03_25,mar25,,,,,https://truthsocial.com/@realDonaldTrump/posts/114145653738723042
p402,post402,11_03_25,mar25,,,,,https://truthsocial.com/@realDonaldTrump/posts/114145974393951612
p403,post403,11_03_25,mar25,,,,,https://truthsocial.com/@realDonaldTrump/posts/114145974744723188
p404,post404,11_03_25,mar25,,,,,https://truthsocial.com/@realDonaldTrump/posts/114145975409380484
p405,post405,12_03_25,mar25,,,,,https://truthsocial.com/@realDonaldTrump/posts/114146381629892800
p406,post406,12_03_25,mar25,,,,,https://truthsocial.com/@realDonaldTrump/posts/114147788974149994
p407,post407,12_03_25,mar25,,,,,https://truthsocial.com/@realDonaldTrump/posts/114149845661093099
p408,post408,12_03_25,mar25,,,,,https://truthsocial.com/@realDonaldTrump/posts/114150971128693981
p409,post409,12_03_25,mar25,,,,,https://truthsocial.com/@realDonaldTrump/posts/114151015090831669
p410,post410,12_03_25,mar25,,,,,https://truthsocial.com/@realDonaldTrump/posts/114151034882857858
p411,post411,12_03_25,mar25,,,,,https://truthsocial.com/@realDonaldTrump/posts/114154923764886136
p412,post412,13_03_25,mar25,,,,,https://truthsocial.com/@realDonaldTrump/posts/114155003492555395
p413,post413,13_03_25,mar25,,,,,https://truthsocial.com/@realDonaldTrump/posts/114155230513269064
p414,post414,13_03_25,mar25,,,,,https://truthsocial.com/@realDonaldTrump/posts/114155282989654298
p415,post415,13_03_25,mar25,,,,,https://truthsocial.com/@realDonaldTrump/posts/114156036814880330
p416,post416,14_03_25,mar25,,,,,https://truthsocial.com/@realDonaldTrump/posts/114160550238908846
p417,post417,14_03_25,mar25,,,,,https://truthsocial.com/@realDonaldTrump/posts/114160764726726796
p418,post418,14_03_25,mar25,,,,,https://truthsocial.com/@realDonaldTrump/posts/114161025000723427
p419,post419,14_03_25,mar25,,,,,https://truthsocial.com/@realDonaldTrump/posts/114161039436456514
p420,post420,14_03_25,mar25,,,,,https://truthsocial.com/@realDonaldTrump/posts/114162707211212885
p421,post421,14_03_25,mar25,,,,,https://truthsocial.com/@realDonaldTrump/posts/114162711308747922
p422,post422,14_03_25,mar25,,,,,https://truthsocial.com/@realDonaldTrump/posts/114162722006073409
p423,post423,14_03_25,mar25,,,,,https://truthsocial.com/@realDonaldTrump/posts/114162725547256622
p424,post424,14_03_25,mar25,,,,,https://truthsocial.com/@realDonaldTrump/posts/114162728799436840
p425,post425,14_03_25,mar25,,,,,https://truthsocial.com/@realDonaldTrump/posts/114162735584978065
p426,post426,14_03_25,mar25,,,,,https://truthsocial.com/@realDonaldTrump/posts/114162742656201560
p427,post427,14_03_25,mar25,,,,,https://truthsocial.com/@realDonaldTrump/posts/114162747519761407
p428,post428,14_03_25,mar25,,,,,https://truthsocial.com/@realDonaldTrump/posts/114162763549195233
p429,post429,15_03_25,mar25,,,,,https://truthsocial.com/@realDonaldTrump/posts/114163546048177560
p430,post430,15_03_25,mar25,,,,,https://truthsocial.com/@realDonaldTrump/posts/114164024901387974
p431,post431,15_03_25,mar25,,,,,https://truthsocial.com/@realDonaldTrump/posts/114167524244753377
p432,post432,15_03_25,mar25,,,,,https://truthsocial.com/@realDonaldTrump/posts/114167864888304754
p433,post433,15_03_25,mar25,,,,,https://truthsocial.com/@realDonaldTrump/posts/114167886343462616
p434,post434,16_03_25,mar25,,,,,https://truthsocial.com/@realDonaldTrump/posts/114173619031149739
p435,post435,16_03_25,mar25,,,,,https://truthsocial.com/@realDonaldTrump/posts/114173862724361939
p436,post436,16_03_25,mar25,,,,,https://truthsocial.com/@realDonaldTrump/posts/114174243289152293
p437,post437,17_03_25,mar25,,,,,https://truthsocial.com/@realDonaldTrump/posts/114175855340997773
p438,post438,17_03_25,mar25,,,,,https://truthsocial.com/@realDonaldTrump/posts/114175905527380199
p439,post439,17_03_25,mar25,,,,,https://truthsocial.com/@realDonaldTrump/posts/114175908922736427
p440,post440,17_03_25,mar25,,,,,https://truthsocial.com/@realDonaldTrump/posts/114178483249053992
p441,post441,17_03_25,mar25,,,,,https://truthsocial.com/@realDonaldTrump/posts/114179081339591399
p442,post442,17_03_25,mar25,,,,,https://truthsocial.com/@realDonaldTrump/posts/114179738803054417
p443,post443,17_03_25,mar25,,,,,https://truthsocial.com/@realDonaldTrump/posts/114179857581963138
p444,post444,17_03_25,mar25,,,,,https://truthsocial.com/@realDonaldTrump/posts/114179858983072823
p445,post445,17_03_25,mar25,,,,,https://truthsocial.com/@realDonaldTrump/posts/114179860762359782
p446,post446,17_03_25,mar25,,,,,https://truthsocial.com/@realDonaldTrump/posts/114179869587194428
p447,post447,17_03_25,mar25,,,,,https://truthsocial.com/@realDonaldTrump/posts/114179895802766275
p448,post448,17_03_25,mar25,,,,,https://truthsocial.com/@realDonaldTrump/posts/114180054723679623
p449,post449,17_03_25,mar25,,,,,https://truthsocial.com/@realDonaldTrump/posts/114180060627046678
p450,post450,17_03_25,mar25,,,,,https://truthsocial.com/@realDonaldTrump/posts/114180129350673750
p451,post451,17_03_25,mar25,,,,,https://truthsocial.com/@realDonaldTrump/posts/114180199351008084
p452,post452,18_03_25,mar25,,,,,https://truthsocial.com/@realDonaldTrump/posts/114183576937425149
p453,post453,18_03_25,mar25,,,,,https://truthsocial.com/@realDonaldTrump/posts/114184931453780675
p454,post454,19_03_25,mar25,,,,,https://truthsocial.com/@realDonaldTrump/posts/114186559522815802
p455,post455,19_03_25,mar25,,,,,https://truthsocial.com/@realDonaldTrump/posts/114186711043337111
p456,post456,19_03_25,mar25,,,,,https://truthsocial.com/@realDonaldTrump/posts/114187128423651010
p457,post457,19_03_25,mar25,,,,,https://truthsocial.com/@realDonaldTrump/posts/114187132592852427
p458,post458,19_03_25,mar25,,,,,https://truthsocial.com/@realDonaldTrump/posts/114189841352600682
p459,post459,19_03_25,mar25,,,,,https://truthsocial.com/@realDonaldTrump/posts/114190686109079519
p460,post460,19_03_25,mar25,,,,,https://truthsocial.com/@realDonaldTrump/posts/114190903570658626
p461,post461,19_03_25,mar25,,,,,https://truthsocial.com/@realDonaldTrump/posts/114191290196334140
p462,post462,20_03_25,mar25,,,,,https://truthsocial.com/@realDonaldTrump/posts/114192326899482441
p463,post463,20_03_25,mar25,,,,,https://truthsocial.com/@realDonaldTrump/posts/114196247731494277
p464,post464,20_03_25,mar25,,,,,https://truthsocial.com/@realDonaldTrump/posts/114197044617921519
p465,post465,20_03_25,mar25,,,,,https://truthsocial.com/@realDonaldTrump/posts/114197092205719557
p466,post466,20_03_25,mar25,,,,,https://truthsocial.com/@realDonaldTrump/posts/114197120302143482
p467,post467,20_03_25,mar25,,,,,https://truthsocial.com/@realDonaldTrump/posts/114197120302143482
p468,post468,21_03_25,mar25,,,,,https://truthsocial.com/@realDonaldTrump/posts/114197257776642416
p469,post469,21_03_25,mar25,,,,,https://truthsocial.com/@realDonaldTrump/posts/114198186465713235
p470,post470,21_03_25,mar25,,,,,https://truthsocial.com/@realDonaldTrump/posts/114198218638202475
p471,post471,21_03_25,mar25,,,,,https://truthsocial.com/@realDonaldTrump/posts/114198370343993836
p472,post472,21_03_25,mar25,,,,,https://truthsocial.com/@realDonaldTrump/posts/114200175082806882
p473,post473,21_03_25,mar25,,,,,https://truthsocial.com/@realDonaldTrump/posts/114200244380161257
p474,post474,21_03_25,mar25,,,,,https://truthsocial.com/@realDonaldTrump/posts/114200269495299138
p475,post475,21_03_25,mar25,,,,,https://truthsocial.com/@realDonaldTrump/posts/114200313009802638
p476,post476,21_03_25,mar25,,,,,https://truthsocial.com/@realDonaldTrump/posts/114200803076709113
p477,post477,21_03_25,mar25,,,,,https://truthsocial.com/@realDonaldTrump/posts/114202797666318443
p478,post478,22_03_25,mar25,,,,,https://truthsocial.com/@realDonaldTrump/posts/114203564650249629
p479,post479,22_03_25,mar25,,,,,https://truthsocial.com/@realDonaldTrump/posts/114205681569837036
p480,post480,22_03_25,mar25,,,,,https://truthsocial.com/@realDonaldTrump/posts/114205890583765400
p481,post481,23_03_25,mar25,,,,,https://truthsocial.com/@realDonaldTrump/posts/114212434987437462
p482,post482,23_03_25,mar25,,,,,https://truthsocial.com/@realDonaldTrump/posts/114212436865389622
p483,post483,23_03_25,mar25,,,,,https://truthsocial.com/@realDonaldTrump/posts/114212465033291057
p484,post484,23_03_25,mar25,,,,,https://truthsocial.com/@realDonaldTrump/posts/114212560131813236
p485,post485,24_03_25,mar25,,,,,https://truthsocial.com/@realDonaldTrump/posts/114214565824374410
p486,post486,24_03_25,mar25,,,,,https://truthsocial.com/@realDonaldTrump/posts/114214658359777536
p487,post487,24_03_25,mar25,,,,,https://truthsocial.com/@realDonaldTrump/posts/114214801561710989
p488,post488,24_03_25,mar25,,,,,https://truthsocial.com/@realDonaldTrump/posts/114215433044457113
p489,post489,24_03_25,mar25,,,,,https://truthsocial.com/@realDonaldTrump/posts/114217181247493951
p490,post490,24_03_25,mar25,,,,,https://truthsocial.com/@realDonaldTrump/posts/114217184366735434
p491,post491,24_03_25,mar25,,,,,https://truthsocial.com/@realDonaldTrump/posts/114217913229258108
p492,post492,24_03_25,mar25,,,,,https://truthsocial.com/@realDonaldTrump/posts/114217914259825110
p493,post493,24_03_25,mar25,,,,,https://truthsocial.com/@realDonaldTrump/posts/114219231809224627
p494,post494,25_03_25,mar25,,,,,https://truthsocial.com/@realDonaldTrump/posts/114223777905731606
p495,post495,25_03_25,mar25,,,,,https://truthsocial.com/@realDonaldTrump/posts/114224810565767895
p496,post496,25_03_25,mar25,,,,,https://truthsocial.com/@realDonaldTrump/posts/114224828669645176
p497,post497,25_03_25,mar25,,,,,https://truthsocial.com/@realDonaldTrump/posts/114224841459970407
p498,post498,25_03_25,mar25,,,,,https://truthsocial.com/@realDonaldTrump/posts/114224857723072168
p499,post499,27_03_25,mar25,,,,,https://truthsocial.com/@realDonaldTrump/posts/114231344319625636
p500,post500,27_03_25,mar25,,,,,https://truthsocial.com/@realDonaldTrump/posts/114231372872784481
p501,post501,27_03_25,mar25,,,,,https://truthsocial.com/@realDonaldTrump/posts/114231401205332854
p502,post502,27_03_25,mar25,,,,,https://truthsocial.com/@realDonaldTrump/posts/114231406031813856
p503,post503,27_03_25,mar25,,,,,https://truthsocial.com/@realDonaldTrump/posts/114231406967175939
p504,post504,27_03_25,mar25,,,,,https://truthsocial.com/@realDonaldTrump/posts/114231437487201538
p505,post505,27_03_25,mar25,,,,,https://truthsocial.com/@realDonaldTrump/posts/114231537224620218
p506,post506,27_03_25,mar25,,,,,https://truthsocial.com/@realDonaldTrump/posts/114231606967578813
p507,post507,27_03_25,mar25,,,,,https://truthsocial.com/@realDonaldTrump/posts/114232682702493359
p508,post508,27_03_25,mar25,,,,,https://truthsocial.com/@realDonaldTrump/posts/114232752130631453
p509,post509,27_03_25,mar25,,,,,https://truthsocial.com/@realDonaldTrump/posts/114232783362562355
p510,post510,27_03_25,mar25,,,,,https://truthsocial.com/@realDonaldTrump/posts/114232829948632918
p511,post511,27_03_25,mar25,,,,,https://truthsocial.com/@realDonaldTrump/posts/114234217151169492
p512,post512,27_03_25,mar25,,,,,https://truthsocial.com/@realDonaldTrump/posts/114234393336690404
p513,post513,27_03_25,mar25,,,,,https://truthsocial.com/@realDonaldTrump/posts/114234742770558412
p514,post514,27_03_25,mar25,,,,,https://truthsocial.com/@realDonaldTrump/posts/114235616565301548
p515,post515,27_03_25,mar25,,,,,https://truthsocial.com/@realDonaldTrump/posts/114235745233828789
p516,post516,28_03_25,mar25,,,,,https://truthsocial.com/@realDonaldTrump/posts/114240434953893474
p517,post517,28_03_25,mar25,,,,,https://truthsocial.com/@realDonaldTrump/posts/114240691141784921
p518,post518,28_03_25,mar25,,,,,https://truthsocial.com/@realDonaldTrump/posts/114241348699704594
p519,post519,28_03_25,mar25,,,,,https://truthsocial.com/@realDonaldTrump/posts/114241662387997605
p520,post520,28_03_25,mar25,,,,,https://truthsocial.com/@realDonaldTrump/posts/114241663757084870
p521,post521,28_03_25,mar25,,,,,https://truthsocial.com/@realDonaldTrump/posts/114242038889809702
p522,post522,29_03_25,mar25,,,,,https://truthsocial.com/@realDonaldTrump/posts/114246745942405963
p523,post523,29_03_25,mar25,,,,,https://truthsocial.com/@realDonaldTrump/posts/114246747590580179
p524,post524,29_03_25,mar25,,,,,https://truthsocial.com/@realDonaldTrump/posts/114247551865595874
p525,post525,30_03_25,mar25,,,,,https://truthsocial.com/@realDonaldTrump/posts/114251714651932084
p526,post526,30_03_25,mar25,,,,,https://truthsocial.com/@realDonaldTrump/posts/114253205784550890
p527,post527,30_03_25,mar25,,,,,https://truthsocial.com/@realDonaldTrump/posts/114253297744744441
p528,post528,31_03_25,mar25,,,,,https://truthsocial.com/@realDonaldTrump/posts/114253819551160329
p529,post529,31_03_25,mar25,,,,,https://truthsocial.com/@realDonaldTrump/posts/114254008984567465
p530,post530,31_03_25,mar25,,,,,https://truthsocial.com/@realDonaldTrump/posts/114254009723637368
p531,post531,31_03_25,mar25,,,,,https://truthsocial.com/@realDonaldTrump/posts/114254057682596962
p532,post532,31_03_25,mar25,,,,,https://truthsocial.com/@realDonaldTrump/posts/114258061899987431
p533,post533,31_03_25,mar25,,,,,https://truthsocial.com/@realDonaldTrump/posts/114258062336428979
p534,post534,31_03_25,mar25,,,,,https://truthsocial.com/@realDonaldTrump/posts/114258384664012595
p535,post535,31_03_25,mar25,,,,,https://truthsocial.com/@realDonaldTrump/posts/114258406263396157
p536,post536,01_04_25,apr25,,,,,https://truthsocial.com/@realDonaldTrump/posts/114263048748701626
p537,post537,01_04_25,apr25,,,,,https://truthsocial.com/@realDonaldTrump/posts/114263050632843712
p538,post538,01_04_25,apr25,,,,,https://truthsocial.com/@realDonaldTrump/posts/114263386262728170
p539,post539,01_04_25,apr25,,,,,https://truthsocial.com/@realDonaldTrump/posts/114263461013940328
p540,post540,01_04_25,apr25,,,,,https://truthsocial.com/@realDonaldTrump/posts/114264549657133828
p541,post541,01_04_25,apr25,,,,,https://truthsocial.com/@realDonaldTrump/posts/114264667777137553
p542,post542,02_04_25,apr25,,,,,https://truthsocial.com/@realDonaldTrump/posts/114265268833712885
p543,post543,02_04_25,apr25,,,,,https://truthsocial.com/@realDonaldTrump/posts/114265284182327245
p544,post544,02_04_25,apr25,,,,,https://truthsocial.com/@realDonaldTrump/posts/114265353051503359
p545,post545,02_04_25,apr25,,,,,https://truthsocial.com/@realDonaldTrump/posts/114265460175109325
p546,post546,02_04_25,apr25,,,,,https://truthsocial.com/@realDonaldTrump/posts/114265493906125093
p547,post547,02_04_25,apr25,,,,,https://truthsocial.com/@realDonaldTrump/posts/114265988202750791
p548,post548,02_04_25,apr25,,,,,https://truthsocial.com/@realDonaldTrump/posts/114266599439835683
p549,post549,02_04_25,apr25,,,,,https://truthsocial.com/@realDonaldTrump/posts/114270538820142872
p550,post550,03_04_25,apr25,,,,,https://truthsocial.com/@realDonaldTrump/posts/114275636283855793
p551,post551,04_04_25,apr25,,,,,https://truthsocial.com/@realDonaldTrump/posts/114277430639309106
p552,post552,04_04_25,apr25,,,,,https://truthsocial.com/@realDonaldTrump/posts/114280292618523684
p553,post553,04_04_25,apr25,,,,,https://truthsocial.com/@realDonaldTrump/posts/114280322706682564
p554,post554,04_04_25,apr25,,,,,https://truthsocial.com/@realDonaldTrump/posts/114280893859636366
p555,post555,04_04_25,apr25,,,,,https://truthsocial.com/@realDonaldTrump/posts/114281864005346951
p556,post556,05_04_25,apr25,,,,,https://truthsocial.com/@realDonaldTrump/posts/114282305980898453
p557,post557,05_04_25,apr25,,,,,https://truthsocial.com/@realDonaldTrump/posts/114285375813275308
p558,post558,05_04_25,apr25,,,,,https://truthsocial.com/@realDonaldTrump/posts/114287474604619244
p559,post559,07_04_25,apr25,,,,,https://truthsocial.com/@realDonaldTrump/posts/114293581018893404
p560,post560,07_04_25,apr25,,,,,https://truthsocial.com/@realDonaldTrump/posts/114296287858068040
p561,post561,07_04_25,apr25,,,,,https://truthsocial.com/@realDonaldTrump/posts/114296801411259400
p562,post562,07_04_25,apr25,,,,,https://truthsocial.com/@realDonaldTrump/posts/114296909356614075
p563,post563,07_04_25,apr25,,,,,https://truthsocial.com/@realDonaldTrump/posts/114296933498836216
p564,post564,07_04_25,apr25,,,,,https://truthsocial.com/@realDonaldTrump/posts/114297331052690348
p565,post565,08_04_25,apr25,,,,,https://truthsocial.com/@realDonaldTrump/posts/114298964268045690
p566,post566,08_04_25,apr25,,,,,https://truthsocial.com/@realDonaldTrump/posts/114299368234840539
p567,post567,08_04_25,apr25,,,,,https://truthsocial.com/@realDonaldTrump/posts/114302499965852704
p568,post568,09_04_25,apr25,,,,,https://truthsocial.com/@realDonaldTrump/posts/114304634655292901
p569,post569,09_04_25,apr25,,,,,https://truthsocial.com/@realDonaldTrump/posts/114305448331638991
p570,post570,09_04_25,apr25,,,,,https://truthsocial.com/@realDonaldTrump/posts/114307832213562859
p571,post571,09_04_25,apr25,,,,,https://truthsocial.com/@realDonaldTrump/posts/114307836775073198
p572,post572,09_04_25,apr25,,,,,https://truthsocial.com/@realDonaldTrump/posts/114307883361614427
p573,post573,09_04_25,apr25,,,,,https://truthsocial.com/@realDonaldTrump/posts/114308121820846336
p574,post574,09_04_25,apr25,,,,,https://truthsocial.com/@realDonaldTrump/posts/114308258545250117
p575,post575,09_04_25,apr25,,,,,https://truthsocial.com/@realDonaldTrump/posts/114308898654506738
p576,post576,09_04_25,apr25,,,,,https://truthsocial.com/@realDonaldTrump/posts/114309144289505174
p577,post577,09_04_25,apr25,,,,,https://truthsocial.com/@realDonaldTrump/posts/114310188132445566
p578,post578,10_04_25,apr25,,,,,https://truthsocial.com/@realDonaldTrump/posts/114310370550367017
p579,post579,10_04_25,apr25,,,,,https://truthsocial.com/@realDonaldTrump/posts/114313667304867320
p580,post580,10_04_25,apr25,,,,,https://truthsocial.com/@realDonaldTrump/posts/114313927527638500
p581,post581,10_04_25,apr25,,,,,https://truthsocial.com/@realDonaldTrump/posts/114313939062499622
p582,post582,10_04_25,apr25,,,,,https://truthsocial.com/@realDonaldTrump/posts/114314374220244880
p583,post583,10_04_25,apr25,,,,,https://truthsocial.com/@realDonaldTrump/posts/114315219437063160
p584,post584,10_04_25,apr25,,,,,https://truthsocial.com/@realDonaldTrump/posts/114315881639906095
p585,post585,10_04_25,apr25,,,,,https://truthsocial.com/@realDonaldTrump/posts/114315902995818386
p586,post586,11_04_25,apr25,,,,,https://truthsocial.com/@realDonaldTrump/posts/114316044192204977
p587,post587,11_04_25,apr25,,,,,https://truthsocial.com/@realDonaldTrump/posts/114316044643910190
p588,post588,11_04_25,apr25,,,,,https://truthsocial.com/@realDonaldTrump/posts/114316139821071778
p589,post589,11_04_25,apr25,,,,,https://truthsocial.com/@realDonaldTrump/posts/114316141098255318
p590,post590,11_04_25,apr25,,,,,https://truthsocial.com/@realDonaldTrump/posts/114316199673595819
p591,post591,11_04_25,apr25,,,,,https://truthsocial.com/@realDonaldTrump/posts/114319533589155171
p592,post592,11_04_25,apr25,,,,,https://truthsocial.com/@realDonaldTrump/posts/114319592702753512
p593,post593,11_04_25,apr25,,,,,https://truthsocial.com/@realDonaldTrump/posts/114319659315817918
p594,post594,11_04_25,apr25,,,,,https://truthsocial.com/@realDonaldTrump/posts/114320236639062571
p595,post595,11_04_25,apr25,,,,,https://truthsocial.com/@realDonaldTrump/posts/114320237164839938
p596,post596,11_04_25,apr25,,,,,https://truthsocial.com/@realDonaldTrump/posts/114320244770957852
p597,post597,11_04_25,apr25,,,,,https://truthsocial.com/@realDonaldTrump/posts/114320245355397433
p598,post598,12_04_25,apr25,,,,,https://truthsocial.com/@realDonaldTrump/posts/114321895832364816
p599,post599,12_04_25,apr25,,,,,https://truthsocial.com/@realDonaldTrump/posts/114321989500112442
p600,post600,13_04_25,apr25,,,,,https://truthsocial.com/@realDonaldTrump/posts/114327375256344311
p601,post601,13_04_25,apr25,,,,,https://truthsocial.com/@realDonaldTrump/posts/114332337028519855
p602,post602,13_04_25,apr25,,,,,https://truthsocial.com/@realDonaldTrump/posts/114332342610034728
p603,post603,14_04_25,apr25,,,,,https://truthsocial.com/@realDonaldTrump/posts/114333582402241548
p604,post604,14_04_25,apr25,,,,,https://truthsocial.com/@realDonaldTrump/posts/114333659248371323
p605,post605,14_04_25,apr25,,,,,https://truthsocial.com/@realDonaldTrump/posts/114333660655935996
p606,post606,14_04_25,apr25,,,,,https://truthsocial.com/@realDonaldTrump/posts/114333875444620545
p607,post607,14_04_25,apr25,,,,,https://truthsocial.com/@realDonaldTrump/posts/114334087867258791
p608,post608,14_04_25,apr25,,,,,https://truthsocial.com/@realDonaldTrump/posts/114336642481948430
p609,post609,14_04_25,apr25,,,,,https://truthsocial.com/@realDonaldTrump/posts/114336723764365914
p610,post610,14_04_25,apr25,,,,,https://truthsocial.com/@realDonaldTrump/posts/114336740381919950
p611,post611,14_04_25,apr25,,,,,https://truthsocial.com/@realDonaldTrump/posts/114338375079660274
p612,post612,15_04_25,apr25,,,,,https://truthsocial.com/@realDonaldTrump/posts/114338831106475110
p613,post613,15_04_25,apr25,,,,,https://truthsocial.com/@realDonaldTrump/posts/114339966797907461
p614,post614,15_04_25,apr25,,,,,https://truthsocial.com/@realDonaldTrump/posts/114341773968885783
p615,post615,15_04_25,apr25,,,,,https://truthsocial.com/@realDonaldTrump/posts/114341848091430549
p616,post616,15_04_25,apr25,,,,,https://truthsocial.com/@realDonaldTrump/posts/114342374504628520
p617,post617,15_04_25,apr25,,,,,https://truthsocial.com/@realDonaldTrump/posts/114342518862792060
p618,post618,16_04_25,apr25,,,,,https://truthsocial.com/@realDonaldTrump/posts/114345470440861946
p619,post619,16_04_25,apr25,,,,,https://truthsocial.com/@realDonaldTrump/posts/114345526663892197
p620,post620,16_04_25,apr25,,,,,https://truthsocial.com/@realDonaldTrump/posts/114347128422370864
p621,post621,16_04_25,apr25,,,,,https://truthsocial.com/@realDonaldTrump/posts/114347313852363347
p622,post622,16_04_25,apr25,,,,,https://truthsocial.com/@realDonaldTrump/posts/114347318770577330
p623,post623,16_04_25,apr25,,,,,https://truthsocial.com/@realDonaldTrump/posts/114347397237866545
p624,post624,16_04_25,apr25,,,,,https://truthsocial.com/@realDonaldTrump/posts/114347490565859534
p625,post625,16_04_25,apr25,,,,,https://truthsocial.com/@realDonaldTrump/posts/114349841902096375
p626,post626,16_04_25,apr25,,,,,https://truthsocial.com/@realDonaldTrump/posts/114349871024459620
p627,post627,16_04_25,apr25,,,,,https://truthsocial.com/@realDonaldTrump/posts/114349871024459620
p628,post628,17_04_25,apr25,,,,,https://truthsocial.com/@realDonaldTrump/posts/114349929882626042
p629,post629,17_04_25,apr25,,,,,https://truthsocial.com/@realDonaldTrump/posts/114352766082542122
p630,post630,17_04_25,apr25,,,,,https://truthsocial.com/@realDonaldTrump/posts/114353130958010667
p631,post631,17_04_25,apr25,,,,,https://truthsocial.com/@realDonaldTrump/posts/114353201227355474
p632,post632,17_04_25,apr25,,,,,https://truthsocial.com/@realDonaldTrump/posts/114353467767721095
p633,post633,17_04_25,apr25,,,,,https://truthsocial.com/@realDonaldTrump/posts/114354225021338752
p634,post634,18_04_25,apr25,,,,,https://truthsocial.com/@realDonaldTrump/posts/114359025219551578
p635,post635,18_04_25,apr25,,,,,https://truthsocial.com/@realDonaldTrump/posts/114359040827344338
p636,post636,18_04_25,apr25,,,,,https://truthsocial.com/@realDonaldTrump/posts/114360632714487285
p637,post637,19_04_25,apr25,,,,,https://truthsocial.com/@realDonaldTrump/posts/114361211919694573
p638,post638,20_04_25,apr25,,,,,https://truthsocial.com/@realDonaldTrump/posts/114367252307184336
p639,post639,20_04_25,apr25,,,,,https://truthsocial.com/@realDonaldTrump/posts/114370333902322250
p640,post640,20_04_25,apr25,,,,,https://truthsocial.com/@realDonaldTrump/posts/114370361342759621
p641,post641,20_04_25,apr25,,,,,https://truthsocial.com/@realDonaldTrump/posts/114370637123886922
p642,post642,20_04_25,apr25,,,,,https://truthsocial.com/@realDonaldTrump/posts/114372052807631514
p643,post643,20_04_25,apr25,,,,,https://truthsocial.com/@realDonaldTrump/posts/114372085732582216
p644,post644,20_04_25,apr25,,,,,https://truthsocial.com/@realDonaldTrump/posts/114372102982066647
p645,post645,20_04_25,apr25,,,,,https://truthsocial.com/@realDonaldTrump/posts/114372126396548824
p646,post646,20_04_25,apr25,,,,,https://truthsocial.com/@realDonaldTrump/posts/114372165978000486
p647,post647,20_04_25,apr25,,,,,https://truthsocial.com/@realDonaldTrump/posts/114372349322321344
p648,post648,20_04_25,apr25,,,,,https://truthsocial.com/@realDonaldTrump/posts/114372350378942829
p649,post649,21_04_25,apr25,,,,,https://truthsocial.com/@realDonaldTrump/posts/114375838396081159
p650,post650,21_04_25,apr25,,,,,https://truthsocial.com/@realDonaldTrump/posts/114376239725335883
p651,post651,21_04_25,apr25,,,,,https://truthsocial.com/@realDonaldTrump/posts/114376655236734018
p652,post652,21_04_25,apr25,,,,,https://truthsocial.com/@realDonaldTrump/posts/114377719179993844
p653,post653,21_04_25,apr25,,,,,https://truthsocial.com/@realDonaldTrump/posts/114377783798888758
p654,post654,21_04_25,apr25,,,,,https://truthsocial.com/@realDonaldTrump/posts/114377993063822566
p655,post655,21_04_25,apr25,,,,,https://truthsocial.com/@realDonaldTrump/posts/114377993807616549
p656,post656,21_04_25,apr25,,,,,https://truthsocial.com/@realDonaldTrump/posts/114378035138845295
p657,post657,22_04_25,apr25,,,,,https://truthsocial.com/@realDonaldTrump/posts/114378287917044509
p658,post658,22_04_25,apr25,,,,,https://truthsocial.com/@realDonaldTrump/posts/114378317437182332
p659,post659,22_04_25,apr25,,,,,https://truthsocial.com/@realDonaldTrump/posts/114378371957337028
p660,post660,22_04_25,apr25,,,,,https://truthsocial.com/@realDonaldTrump/posts/114379314291410399
p661,post661,22_04_25,apr25,,,,,https://truthsocial.com/@realDonaldTrump/posts/114381682443037273
p662,post662,22_04_25,apr25,,,,,https://truthsocial.com/@realDonaldTrump/posts/114382248962521077
p663,post663,22_04_25,apr25,,,,,https://truthsocial.com/@realDonaldTrump/posts/114382687269815844
p664,post664,23_04_25,apr25,,,,,https://truthsocial.com/@realDonaldTrump/posts/114387538306195784
p665,post665,23_04_25,apr25,,,,,https://truthsocial.com/@realDonaldTrump/posts/114388111141848447
p666,post666,24_04_25,apr25,,,,,https://truthsocial.com/@realDonaldTrump/posts/114392724515353626
p667,post667,24_04_25,apr25,,,,,https://truthsocial.com/@realDonaldTrump/posts/114392734082544469
p668,post668,24_04_25,apr25,,,,,https://truthsocial.com/@realDonaldTrump/posts/114392923237368367
p669,post669,24_04_25,apr25,,,,,https://truthsocial.com/@realDonaldTrump/posts/114392937947872770
p670,post670,24_04_25,apr25,,,,,https://truthsocial.com/@realDonaldTrump/posts/114393194962253226
p671,post671,24_04_25,apr25,,,,,https://truthsocial.com/@realDonaldTrump/posts/114393275364471638
p672,post672,24_04_25,apr25,,,,,https://truthsocial.com/@realDonaldTrump/posts/114393469355437462
p673,post673,24_04_25,apr25,,,,,https://truthsocial.com/@realDonaldTrump/posts/114393736523039807
p674,post674,25_04_25,apr25,,,,,https://truthsocial.com/@realDonaldTrump/posts/114399870830051429
p675,post675,25_04_25,apr25,,,,,https://truthsocial.com/@realDonaldTrump/posts/114400030944429028
p676,post676,25_04_25,apr25,,,,,https://truthsocial.com/@realDonaldTrump/posts/114400448382660700
p677,post677,25_04_25,apr25,,,,,https://truthsocial.com/@realDonaldTrump/posts/114400583767375750
p678,post678,25_04_25,apr25,,,,,https://truthsocial.com/@realDonaldTrump/posts/114400805703099287
p679,post679,26_04_25,apr25,,,,,https://truthsocial.com/@realDonaldTrump/posts/114404524335638236
p680,post680,26_04_25,apr25,,,,,https://truthsocial.com/@realDonaldTrump/posts/114406185820566958
p681,post681,26_04_25,apr25,,,,,https://truthsocial.com/@realDonaldTrump/posts/114406186212473866
p682,post682,27_04_25,apr25,,,,,https://truthsocial.com/@realDonaldTrump/posts/114410037014364322
p683,post683,27_04_25,apr25,,,,,https://truthsocial.com/@realDonaldTrump/posts/114410073592204291
p684,post684,27_04_25,apr25,,,,,https://truthsocial.com/@realDonaldTrump/posts/114411157925493893
p685,post685,27_04_25,apr25,,,,,https://truthsocial.com/@realDonaldTrump/posts/114411159111822314
p686,post686,27_04_25,apr25,,,,,https://truthsocial.com/@realDonaldTrump/posts/114411308844416576
p687,post687,28_04_25,apr25,,,,,https://truthsocial.com/@realDonaldTrump/posts/114412380099590919
p688,post688,28_04_25,apr25,,,,,https://truthsocial.com/@realDonaldTrump/posts/114412405334656020
p689,post689,28_04_25,apr25,,,,,https://truthsocial.com/@realDonaldTrump/posts/114414863742664682
p690,post690,28_04_25,apr25,,,,,https://truthsocial.com/@realDonaldTrump/posts/114414895289941753
p691,post691,28_04_25,apr25,,,,,https://truthsocial.com/@realDonaldTrump/posts/114414928875781139
p692,post692,28_04_25,apr25,,,,,https://truthsocial.com/@realDonaldTrump/posts/114415618596069518
p693,post693,28_04_25,apr25,,,,,https://truthsocial.com/@realDonaldTrump/posts/114416887168755037
p694,post694,28_04_25,apr25,,,,,https://truthsocial.com/@realDonaldTrump/posts/114417100472347708
p695,post695,28_04_25,apr25,,,,,https://truthsocial.com/@realDonaldTrump/posts/114417102068372350
p696,post696,28_04_25,apr25,,,,,https://truthsocial.com/@realDonaldTrump/posts/114417114971503482
p697,post697,28_04_25,apr25,,,,,https://truthsocial.com/@realDonaldTrump/posts/114417332210818903
p698,post698,28_04_25,apr25,,,,,https://truthsocial.com/@realDonaldTrump/posts/114417364027219606
p699,post699,29_04_25,apr25,,,,,https://truthsocial.com/@realDonaldTrump/posts/114419175691843654
p700,post700,29_04_25,apr25,,,,,https://truthsocial.com/@realDonaldTrump/posts/114419185611217033
p701,post701,30_04_25,apr25,,,,,https://truthsocial.com/@realDonaldTrump/posts/114427089568235019
p702,post702,30_04_25,apr25,,,,,https://truthsocial.com/@realDonaldTrump/posts/114427214911868233